,City,Cloudiness,Country,Date,Humidity,Lat,Lng,Max Temp,Wind Speed
0,Teguise,0,ES,1536118200,83,29.06,-13.56,71.6,11.41
1,Kohima,0,IN,1536119686,84,25.66,94.1,78.2,1.45
2,Carnarvon,8,ZA,1536119687,62,-30.97,22.13,30.86,5.48
3,Pangoa,56,PE,1536119687,95,-12.12,-73.0,63.53,1.68
4,Riyadh,0,SA,1536116400,13,24.63,46.72,89.6,5.82
5,Nouakchott,68,MR,1536119602,100,18.08,-15.98,78.65,6.93
6,Cape Town,40,ZA,1536116400,87,-33.93,18.42,51.8,10.29
7,Vila Franca do Campo,20,PT,1536118200,88,37.72,-25.43,68.0,8.05
8,Jamestown,12,AU,1536119578,38,-33.21,138.6,62.63,18.79
9,Rikitea,76,PF,1536119573,100,-23.12,-134.97,71.54,26.17
10,Cidreira,12,BR,1536119688,95,-30.17,-50.22,50.21,5.37
11,Homer,1,US,1536115980,77,59.64,-151.54,59.0,10.29
12,New Norfolk,75,AU,1536118200,54,-42.78,147.06,57.2,4.7
13,Gambo,0,NG,1536119688,91,11.96,9.63,73.43,8.61
14,Castro,64,CL,1536119564,97,-42.48,-73.76,40.76,3.02
15,Rikitea,76,PF,1536119573,100,-23.12,-134.97,71.54,26.17
16,Mataura,0,NZ,1536119563,87,-46.19,168.86,53.36,4.59
17,Sibolga,68,ID,1536119665,74,1.74,98.78,78.2,1.34
18,Albany,20,US,1536116040,78,42.65,-73.75,71.96,2.01
19,East London,0,ZA,1536116400,76,-33.02,27.91,53.6,10.29
20,Rawson,12,AR,1536119689,62,-43.3,-65.11,48.23,12.08
21,Ahipara,92,NZ,1536119690,88,-35.17,173.16,56.06,14.99
22,Zyryanka,0,RU,1536119690,66,65.73,150.89,49.13,3.58
23,Buraydah,0,SA,1536116400,30,26.33,43.97,86.0,8.05
24,Saint-Philippe,90,CA,1536117300,72,45.36,-73.48,71.6,3.36
25,Mackay,5,CA,1536116400,71,53.65,-115.58,50.0,3.36
26,Yerbogachen,44,RU,1536119691,63,61.28,108.01,53.09,9.73
27,Yulara,0,AU,1536117120,14,-25.24,130.99,87.8,25.28
28,Mataura,0,NZ,1536119563,87,-46.19,168.86,53.36,4.59
29,Caravelas,64,BR,1536119691,98,-17.73,-39.27,77.03,21.81
30,Bethel,90,US,1536118020,63,60.79,-161.76,53.06,6.93
31,Upernavik,0,GL,1536119587,100,72.79,-56.15,36.44,11.74
32,Georgetown,20,GY,1536116400,100,6.8,-58.16,75.2,3.58
33,Tasiilaq,92,GL,1536115800,96,65.61,-37.64,41.0,1.12
34,Kapaa,40,US,1536116160,84,22.08,-159.32,84.92,14.99
35,Khasan,32,RU,1536119692,85,42.43,130.64,71.81,11.18
36,Yellowknife,75,CA,1536116400,75,62.45,-114.38,44.6,17.22
37,Petropavlovsk-Kamchatskiy,40,RU,1536116400,67,53.05,158.65,62.6,11.18
38,Faanui,68,PF,1536119607,100,-16.48,-151.75,78.2,16.22
39,Deputatskiy,0,RU,1536119693,57,69.3,139.9,39.95,11.41
40,Punta Arenas,75,CL,1536116400,74,-53.16,-70.91,37.4,27.51
41,Cape Town,40,ZA,1536116400,87,-33.93,18.42,51.8,10.29
42,Port Alfred,20,ZA,1536119594,93,-33.59,26.89,64.79,12.53
43,Hermanus,100,ZA,1536119594,99,-34.42,19.24,48.77,4.92
44,Hermanus,100,ZA,1536119594,99,-34.42,19.24,48.77,4.92
45,Lebu,75,ET,1536116400,93,8.96,38.73,53.6,2.24
46,Khatanga,92,RU,1536119694,98,71.98,102.47,41.21,26.73
47,Hobart,75,AU,1536118200,54,-42.88,147.33,57.2,4.7
48,Ushuaia,90,AR,1536116400,87,-54.81,-68.31,39.2,38.03
49,Lorengau,56,PG,1536119694,100,-2.02,147.27,83.06,5.03
50,Port Blair,68,IN,1536119618,100,11.67,92.75,77.66,16.78
51,Hilo,75,US,1536118260,73,19.71,-155.08,82.04,4.7
52,Hithadhoo,44,MV,1536119584,100,-0.6,73.08,78.47,5.93
53,Butaritari,32,KI,1536119595,100,3.07,172.79,84.59,6.6
54,Tuktoyaktuk,40,CA,1536116400,100,69.44,-133.03,37.4,6.93
55,Dubbo,75,AU,1536118200,37,-32.25,148.6,68.0,10.29
56,Busselton,76,AU,1536119562,100,-33.64,115.35,57.23,19.57
57,Ushuaia,90,AR,1536116400,87,-54.81,-68.31,39.2,38.03
58,Yellowknife,75,CA,1536116400,75,62.45,-114.38,44.6,17.22
59,Busselton,76,AU,1536119562,100,-33.64,115.35,57.23,19.57
60,Port Alfred,20,ZA,1536119594,93,-33.59,26.89,64.79,12.53
61,Dongsheng,0,CN,1536119696,56,29.72,112.52,93.05,4.7
62,Bredasdorp,80,ZA,1536116400,81,-34.53,20.04,51.8,3.36
63,Arraial do Cabo,48,BR,1536119696,100,-22.97,-42.02,66.14,23.6
64,Busselton,76,AU,1536119562,100,-33.64,115.35,57.23,19.57
65,Kommunar,36,RU,1536116400,100,59.62,30.39,59.0,4.47
66,Mastic Beach,1,US,1536118980,90,40.77,-72.85,78.08,11.07
67,Barrow,8,AR,1536119400,54,-38.31,-60.23,58.67,14.99
68,Hami,0,CN,1536119697,40,42.84,93.51,66.77,2.91
69,Port Elizabeth,1,US,1536116160,90,39.31,-74.98,82.94,4.36
70,Mataura,0,NZ,1536119563,87,-46.19,168.86,53.36,4.59
71,Saskylakh,32,RU,1536119599,92,71.97,114.09,46.43,13.2
72,Salinas,1,US,1536118500,87,36.67,-121.66,60.08,8.05
73,Rikitea,76,PF,1536119573,100,-23.12,-134.97,71.54,26.17
74,Ushuaia,90,AR,1536116400,87,-54.81,-68.31,39.2,38.03
75,Tskneti,40,GE,1536118200,63,41.69,44.69,66.2,2.24
76,Yellowknife,75,CA,1536116400,75,62.45,-114.38,44.6,17.22
77,Vannes,12,FR,1536118200,100,47.66,-2.76,62.6,9.17
78,Tasiilaq,92,GL,1536115800,96,65.61,-37.64,41.0,1.12
79,Moranbah,64,AU,1536119699,47,-22.0,148.04,73.34,9.62
80,Westlock,0,CA,1536119699,72,54.15,-113.85,47.06,4.59
81,Codrington,92,AU,1536119579,100,-28.95,153.24,58.04,4.59
82,Yar-Sale,44,RU,1536119593,92,66.83,70.83,56.78,11.07
83,Saldanha,76,PT,1536119617,93,41.42,-6.55,55.97,1.12
84,Bethel,90,US,1536118020,63,60.79,-161.76,53.06,6.93
85,Verkhnevilyuysk,0,RU,1536119700,58,63.45,120.31,49.94,9.06
86,Rikitea,76,PF,1536119573,100,-23.12,-134.97,71.54,26.17
87,Black Diamond,1,CA,1536116400,70,50.69,-114.23,50.0,8.05
88,Istok,76,PL,1536119701,96,52.85,23.44,59.93,8.5
89,Cape Town,40,ZA,1536116400,87,-33.93,18.42,51.8,10.29
90,Los Llanos de Aridane,20,ES,1536118200,73,28.66,-17.92,71.6,9.17
91,Vaini,76,IN,1536119612,99,15.34,74.49,70.55,6.04
92,Taksimo,0,RU,1536119701,64,56.36,114.84,51.11,2.57
93,Ushuaia,90,AR,1536116400,87,-54.81,-68.31,39.2,38.03
94,Fortuna,20,ES,1536118200,88,38.18,-1.13,75.2,1.9
95,Chegdomyn,92,RU,1536119702,98,51.13,133.04,55.34,6.93
96,Bluff,0,AU,1536119589,50,-23.58,149.07,75.59,9.51
97,Ushuaia,90,AR,1536116400,87,-54.81,-68.31,39.2,38.03
98,Neuquen,24,AR,1536116400,57,-38.95,-68.06,48.2,3.36
99,Aykhal,92,RU,1536119703,98,65.95,111.51,39.86,13.09
100,Arica,90,CL,1536116400,72,-18.48,-70.32,60.8,3.36
101,Upernavik,0,GL,1536119587,100,72.79,-56.15,36.44,11.74
102,Key West,1,US,1536118500,67,47.93,-96.78,62.06,4.7
103,Ahipara,92,NZ,1536119690,88,-35.17,173.16,56.06,14.99
104,Lagoa,75,PT,1536118200,88,37.14,-8.45,69.8,8.05
105,Diffa,0,NE,1536119704,81,13.32,12.61,75.68,6.71
106,Boralday,20,KZ,1536116400,47,43.36,76.86,57.2,4.47
107,Shetpe,8,KZ,1536119704,35,44.14,52.16,60.56,8.72
108,Albany,20,US,1536116040,78,42.65,-73.75,71.96,2.01
109,Vardo,1,US,1536117300,69,39.62,-77.74,82.04,2.68
110,Fallon,1,US,1536116160,60,46.84,-105.12,51.08,5.82
111,Mayumba,92,GA,1536119705,100,-3.44,10.65,72.53,7.05
112,Nouakchott,68,MR,1536119602,100,18.08,-15.98,78.65,6.93
113,Bathsheba,20,BB,1536116400,78,13.22,-59.52,80.6,11.41
114,Ambon,20,FR,1536118200,82,47.55,-2.56,62.6,10.29
115,Hilo,75,US,1536118260,73,19.71,-155.08,82.04,4.7
116,Valdivia,40,CL,1536116400,100,-39.81,-73.25,42.8,2.24
117,Santa Marta,75,CO,1536116400,88,11.24,-74.21,80.6,4.7
118,Bazarnyy Syzgan,32,RU,1536119707,85,53.75,46.75,52.28,2.68
119,Agua Dulce,40,MX,1536115440,83,18.14,-94.15,84.2,6.93
120,Ushuaia,90,AR,1536116400,87,-54.81,-68.31,39.2,38.03
121,Bambous Virieux,40,MU,1536116400,78,-20.34,57.76,71.6,18.34
122,Kapaa,40,US,1536116160,84,22.08,-159.32,84.92,14.99
123,Qaanaaq,80,GL,1536119591,100,77.48,-69.36,30.86,3.69
124,Katsuura,20,JP,1536116400,51,33.93,134.5,84.2,16.11
125,Albany,20,US,1536116040,78,42.65,-73.75,71.96,2.01
126,Ngunguru,76,NZ,1536119709,100,-35.62,174.5,55.16,6.6
127,Glendive,1,US,1536118500,70,47.11,-104.71,51.08,4.03
128,Atuona,0,PF,1536119577,98,-9.8,-139.03,80.18,15.21
129,Bethel,90,US,1536118020,63,60.79,-161.76,53.06,6.93
130,Port Alfred,20,ZA,1536119594,93,-33.59,26.89,64.79,12.53
131,Saldanha,76,PT,1536119617,93,41.42,-6.55,55.97,1.12
132,Ushuaia,90,AR,1536116400,87,-54.81,-68.31,39.2,38.03
133,Saldanha,76,PT,1536119617,93,41.42,-6.55,55.97,1.12
134,Mahebourg,40,MU,1536116400,78,-20.41,57.7,71.6,18.34
135,Hilo,75,US,1536118260,73,19.71,-155.08,82.04,4.7
136,Klaksvik,80,FO,1536117600,100,62.23,-6.59,50.0,8.05
137,Esperance,20,TT,1536116400,78,10.24,-61.45,78.8,4.14
138,Qaanaaq,80,GL,1536119591,100,77.48,-69.36,30.86,3.69
139,Barrow,8,AR,1536119400,54,-38.31,-60.23,58.67,14.99
140,Arco,0,IT,1536117600,87,45.92,10.89,60.8,2.24
141,Half Moon Bay,90,US,1536118800,93,37.46,-122.43,73.04,9.17
142,Punta Arenas,75,CL,1536116400,74,-53.16,-70.91,37.4,27.51
143,Cape Town,40,ZA,1536116400,87,-33.93,18.42,51.8,10.29
144,Trinidad,0,UY,1536119712,90,-33.52,-56.9,46.97,8.61
145,Torbay,20,CA,1536116400,76,47.66,-52.73,57.2,2.24
146,College,90,US,1536118080,81,64.86,-147.8,51.08,10.29
147,Carnarvon,8,ZA,1536119687,62,-30.97,22.13,30.86,5.48
148,Ponta do Sol,0,BR,1536119712,88,-20.63,-46.0,53.09,4.14
149,Ayan,0,TR,1536119713,89,40.67,33.6,48.23,2.46
150,Vanimo,32,PG,1536119713,100,-2.67,141.3,80.54,0.67
151,Lorengau,56,PG,1536119694,100,-2.02,147.27,83.06,5.03
152,Mulege,0,MX,1536119713,63,26.88,-111.98,82.52,1.9
153,Stubbekobing,0,DK,1536119713,100,54.89,12.04,62.27,4.59
154,Codrington,92,AU,1536119579,100,-28.95,153.24,58.04,4.59
155,Beyneu,56,KZ,1536119714,44,45.32,55.19,53.63,4.14
156,Mitsamiouli,75,KM,1536116400,88,-11.38,43.28,73.4,9.17
157,Punta Arenas,75,CL,1536116400,74,-53.16,-70.91,37.4,27.51
158,Vaini,76,IN,1536119612,99,15.34,74.49,70.55,6.04
159,Abnub,68,EG,1536119714,55,27.27,31.15,75.59,5.37
160,Mahebourg,40,MU,1536116400,78,-20.41,57.7,71.6,18.34
161,Busselton,76,AU,1536119562,100,-33.64,115.35,57.23,19.57
162,Tuktoyaktuk,40,CA,1536116400,100,69.44,-133.03,37.4,6.93
163,Torbay,20,CA,1536116400,76,47.66,-52.73,57.2,2.24
164,Kodiak,40,US,1536115980,96,39.95,-94.76,75.02,4.7
165,Flinders,75,AU,1536116400,55,-34.58,150.85,62.6,11.41
166,Vaini,76,IN,1536119612,99,15.34,74.49,70.55,6.04
167,Mehamn,40,NO,1536117600,87,71.03,27.85,46.4,3.36
168,Ushuaia,90,AR,1536116400,87,-54.81,-68.31,39.2,38.03
169,Mataura,0,NZ,1536119563,87,-46.19,168.86,53.36,4.59
170,Colesberg,0,ZA,1536119716,41,-30.72,25.1,35.9,3.02
171,Albany,20,US,1536116040,78,42.65,-73.75,71.96,2.01
172,Mayo,75,CA,1536116400,87,63.59,-135.9,48.2,3.47
173,Okhotsk,92,RU,1536119608,100,59.36,143.24,56.24,11.63
174,Nieuw Nickerie,92,SR,1536119717,100,5.94,-56.99,81.35,8.39
175,Ribeira Grande,32,PT,1536119580,100,38.52,-28.7,72.71,3.36
176,Lagos,40,NG,1536116400,88,6.46,3.39,78.8,2.24
177,Esperance,20,TT,1536116400,78,10.24,-61.45,78.8,4.14
178,Atuona,0,PF,1536119577,98,-9.8,-139.03,80.18,15.21
179,Palmer,0,AU,1536118200,19,-34.85,139.16,68.0,19.46
180,Constitucion,75,MX,1536117060,100,23.99,-104.67,60.8,8.05
181,Muros,40,ES,1536118200,100,42.77,-9.06,60.8,9.17
182,Lincoln,12,GB,1536117600,87,53.23,-0.54,57.2,3.36
183,Castro,64,CL,1536119564,97,-42.48,-73.76,40.76,3.02
184,Tiarei,20,PF,1536118200,69,-17.53,-149.33,78.8,14.99
185,Hermanus,100,ZA,1536119594,99,-34.42,19.24,48.77,4.92
186,Kapaa,40,US,1536116160,84,22.08,-159.32,84.92,14.99
187,Tilichiki,92,RU,1536119719,95,60.47,166.1,51.29,4.36
188,Puerto Ayora,0,EC,1536119598,100,-0.74,-90.35,71.18,11.97
189,Punta Arenas,75,CL,1536116400,74,-53.16,-70.91,37.4,27.51
190,Ushuaia,90,AR,1536116400,87,-54.81,-68.31,39.2,38.03
191,Rikitea,76,PF,1536119573,100,-23.12,-134.97,71.54,26.17
192,Albany,20,US,1536116040,78,42.65,-73.75,71.96,2.01
193,Busselton,76,AU,1536119562,100,-33.64,115.35,57.23,19.57
194,Bukama,64,CD,1536119720,58,-9.2,25.85,73.97,1.9
195,Buluang,90,PH,1536116400,74,10.47,123.98,84.2,14.99
196,North Bend,1,US,1536117300,80,43.41,-124.22,57.02,20.8
197,Punta Arenas,75,CL,1536116400,74,-53.16,-70.91,37.4,27.51
198,Osypenko,0,UA,1536118200,47,48.04,34.39,57.2,15.66
199,Hobart,75,AU,1536118200,54,-42.88,147.33,57.2,4.7
200,Vincennes,1,US,1536118500,87,38.68,-87.53,78.98,4.7
201,Lasa,20,CY,1536118200,77,34.92,32.53,77.0,9.17
202,Araouane,0,ML,1536119721,44,18.9,-3.53,84.59,5.48
203,Raudeberg,75,NO,1536117600,93,61.99,5.14,57.2,5.82
204,Castro,64,CL,1536119564,97,-42.48,-73.76,40.76,3.02
205,Tiksi,0,RU,1536119592,73,71.64,128.87,43.91,23.04
206,Barrow,8,AR,1536119400,54,-38.31,-60.23,58.67,14.99
207,Champerico,90,MX,1536116880,83,16.38,-93.6,75.2,9.17
208,Meadow Lake,0,CA,1536119722,74,54.13,-108.44,41.66,4.14
209,Ushuaia,90,AR,1536116400,87,-54.81,-68.31,39.2,38.03
210,Xingyi,80,CN,1536119723,90,24.19,102.82,68.21,3.47
211,Mataura,0,NZ,1536119563,87,-46.19,168.86,53.36,4.59
212,Dunda,56,IN,1536119604,97,30.62,78.32,61.82,1.9
213,Busselton,76,AU,1536119562,100,-33.64,115.35,57.23,19.57
214,Riviere-au-Renard,5,CA,1536116400,62,49.0,-64.4,59.0,5.82
215,Ushuaia,90,AR,1536116400,87,-54.81,-68.31,39.2,38.03
216,Hithadhoo,44,MV,1536119584,100,-0.6,73.08,78.47,5.93
217,Port Alfred,20,ZA,1536119594,93,-33.59,26.89,64.79,12.53
218,Ribeira Grande,32,PT,1536119580,100,38.52,-28.7,72.71,3.36
219,Moindou,75,NC,1536118200,88,-21.69,165.68,71.6,6.93
220,Celestun,8,MX,1536119724,100,20.87,-90.4,82.52,16.11
221,Berdigestyakh,0,RU,1536119724,55,62.1,126.7,47.96,4.14
222,Ponta do Sol,0,BR,1536119712,88,-20.63,-46.0,53.09,4.14
223,Hilo,75,US,1536118260,73,19.71,-155.08,82.04,4.7
224,Tasiilaq,92,GL,1536115800,96,65.61,-37.64,41.0,1.12
225,Mataura,0,NZ,1536119563,87,-46.19,168.86,53.36,4.59
226,Rikitea,76,PF,1536119573,100,-23.12,-134.97,71.54,26.17
227,Atuona,0,PF,1536119577,98,-9.8,-139.03,80.18,15.21
228,Chuy,0,UY,1536119602,92,-33.69,-53.46,44.27,3.13
229,Iqaluit,5,CA,1536116400,81,63.75,-68.52,42.8,9.17
230,Namibe,76,AO,1536119575,100,-15.19,12.15,63.26,10.74
231,Vaini,76,IN,1536119612,99,15.34,74.49,70.55,6.04
232,Chokurdakh,0,RU,1536119581,69,70.62,147.9,44.99,16.11
233,Atar,20,MR,1536119726,81,20.52,-13.05,75.41,4.14
234,Iqaluit,5,CA,1536116400,81,63.75,-68.52,42.8,9.17
235,Cayenne,0,GF,1536118200,100,4.94,-52.33,77.0,8.39
236,Cape Town,40,ZA,1536116400,87,-33.93,18.42,51.8,10.29
237,Saint-Philippe,90,CA,1536117300,72,45.36,-73.48,71.6,3.36
238,Busselton,76,AU,1536119562,100,-33.64,115.35,57.23,19.57
239,Torbay,20,CA,1536116400,76,47.66,-52.73,57.2,2.24
240,Hilo,75,US,1536118260,73,19.71,-155.08,82.04,4.7
241,Albany,20,US,1536116040,78,42.65,-73.75,71.96,2.01
242,Albany,20,US,1536116040,78,42.65,-73.75,71.96,2.01
243,Walvis Bay,0,NA,1536119727,100,-22.95,14.51,54.08,13.09
244,Ponta do Sol,0,BR,1536119712,88,-20.63,-46.0,53.09,4.14
245,Uvat,20,RU,1536119728,85,59.14,68.9,52.73,3.13
246,Plyussa,36,RU,1536119728,91,58.42,29.37,55.7,3.13
247,Strezhevoy,0,RU,1536116400,81,60.73,77.6,53.6,6.71
248,Cape Town,40,ZA,1536116400,87,-33.93,18.42,51.8,10.29
249,Saldanha,76,PT,1536119617,93,41.42,-6.55,55.97,1.12
250,Ihosy,48,MG,1536119728,93,-22.4,46.13,46.07,2.57
251,Avarua,75,CK,1536116400,64,-21.21,-159.78,75.2,14.99
252,Busselton,76,AU,1536119562,100,-33.64,115.35,57.23,19.57
253,Pizhanka,32,RU,1536119729,87,57.46,48.54,50.93,4.36
254,Vaini,76,IN,1536119612,99,15.34,74.49,70.55,6.04
255,Leningradskiy,92,RU,1536119573,100,69.38,178.42,38.51,8.39
256,Ranong,40,TH,1536116400,83,9.96,98.62,80.6,5.82
257,Hokitika,0,NZ,1536119730,84,-42.72,170.96,53.72,5.37
258,Vaini,76,IN,1536119612,99,15.34,74.49,70.55,6.04
259,Rikitea,76,PF,1536119573,100,-23.12,-134.97,71.54,26.17
260,Atuona,0,PF,1536119577,98,-9.8,-139.03,80.18,15.21
261,Half Moon Bay,90,US,1536118800,93,37.46,-122.43,73.04,9.17
262,Hongjiang,24,CN,1536119730,74,27.21,109.83,86.84,3.13
263,Barrow,8,AR,1536119400,54,-38.31,-60.23,58.67,14.99
264,Victoria,75,BN,1536118200,94,5.28,115.24,82.4,2.24
265,Vardo,1,US,1536117300,69,39.62,-77.74,82.04,2.68
266,Barcelos,75,PT,1536118200,100,41.53,-8.62,62.6,4.7
267,Ponta do Sol,0,BR,1536119712,88,-20.63,-46.0,53.09,4.14
268,Mogocha,0,RU,1536119731,52,53.73,119.76,49.94,9.73
269,Rikitea,76,PF,1536119573,100,-23.12,-134.97,71.54,26.17
270,Komsomolskiy,92,RU,1536119732,99,67.55,63.78,52.28,5.03
271,Dikson,48,RU,1536119605,100,73.51,80.55,39.41,27.74
272,Bandarbeyla,32,SO,1536119732,81,9.49,50.81,71.99,23.04
273,Kaduy,48,RU,1536119732,93,59.2,37.15,55.61,8.95
274,Silvan,0,TR,1536117600,55,38.14,41.01,64.4,1.12
275,Khuzhir,92,RU,1536119733,100,53.19,107.35,48.32,7.49
276,Faya,0,SA,1536116400,93,18.39,42.45,64.4,6.93
277,Meulaboh,44,ID,1536119733,100,4.14,96.13,80.99,0.67
278,Mataura,0,NZ,1536119563,87,-46.19,168.86,53.36,4.59
279,New Norfolk,75,AU,1536118200,54,-42.78,147.06,57.2,4.7
280,Hailar,92,CN,1536119734,86,49.2,119.7,51.74,12.41
281,Bluff,0,AU,1536119589,50,-23.58,149.07,75.59,9.51
282,Ushuaia,90,AR,1536116400,87,-54.81,-68.31,39.2,38.03
283,Magdalena,0,BO,1536119734,65,-13.26,-64.05,63.53,6.93
284,Bredasdorp,80,ZA,1536116400,81,-34.53,20.04,51.8,3.36
285,Yellowknife,75,CA,1536116400,75,62.45,-114.38,44.6,17.22
286,Esperance,20,TT,1536116400,78,10.24,-61.45,78.8,4.14
287,Wloszczowa,8,PL,1536119491,92,50.85,19.97,58.13,5.7
288,Ostrovnoy,92,RU,1536119588,100,68.05,39.51,46.7,15.55
289,Khatanga,92,RU,1536119694,98,71.98,102.47,41.21,26.73
290,Ushuaia,90,AR,1536116400,87,-54.81,-68.31,39.2,38.03
291,Narsaq,92,GL,1536115800,50,60.91,-46.05,51.8,28.86
292,Waitati,0,NZ,1536119735,77,-45.75,170.57,49.04,8.39
293,Saint-Philippe,90,CA,1536117300,72,45.36,-73.48,71.6,3.36
294,Akoupe,92,CI,1536119736,95,6.39,-3.9,72.08,5.14
295,Belyy Yar,0,RU,1536116400,71,53.6,91.39,53.6,4.36
296,Eureka,1,US,1536118500,93,40.8,-124.16,53.06,4.7
297,Yerofey Pavlovich,92,RU,1536119616,87,53.97,121.97,45.8,8.05
298,Albany,20,US,1536116040,78,42.65,-73.75,71.96,2.01
299,Bluff,0,AU,1536119589,50,-23.58,149.07,75.59,9.51
300,Moshenskoye,92,RU,1536119737,79,58.52,34.59,60.11,6.6
301,Punta Arenas,75,CL,1536116400,74,-53.16,-70.91,37.4,27.51
302,Rikitea,76,PF,1536119573,100,-23.12,-134.97,71.54,26.17
303,Hervey Bay,56,AU,1536119517,88,-25.3,152.85,68.39,13.65
304,Rikitea,76,PF,1536119573,100,-23.12,-134.97,71.54,26.17
305,De Aar,0,ZA,1536119737,40,-30.65,24.01,35.63,3.91
306,Vanimo,32,PG,1536119713,100,-2.67,141.3,80.54,0.67
307,Albany,20,US,1536116040,78,42.65,-73.75,71.96,2.01
308,Saskylakh,32,RU,1536119599,92,71.97,114.09,46.43,13.2
309,Rikitea,76,PF,1536119573,100,-23.12,-134.97,71.54,26.17
310,Ushuaia,90,AR,1536116400,87,-54.81,-68.31,39.2,38.03
311,Post Falls,1,US,1536116280,36,47.71,-116.95,69.98,4.7
312,Ralivka,64,UA,1536118200,100,49.5,23.23,53.6,7.72
313,Hermanus,100,ZA,1536119594,99,-34.42,19.24,48.77,4.92
314,Busselton,76,AU,1536119562,100,-33.64,115.35,57.23,19.57
315,Ushuaia,90,AR,1536116400,87,-54.81,-68.31,39.2,38.03
316,Ushuaia,90,AR,1536116400,87,-54.81,-68.31,39.2,38.03
317,Busselton,76,AU,1536119562,100,-33.64,115.35,57.23,19.57
318,Puerto Ayora,0,EC,1536119598,100,-0.74,-90.35,71.18,11.97
319,Boyolangu,8,ID,1536119739,56,-8.09,111.9,83.69,7.61
320,Sao Geraldo do Araguaia,44,BR,1536119740,89,-6.4,-48.55,76.13,1.45
321,Mahina,88,ML,1536119740,100,13.76,-10.85,71.27,8.95
322,Rikitea,76,PF,1536119573,100,-23.12,-134.97,71.54,26.17
323,Saint-Augustin,0,FR,1536118200,77,44.83,-0.61,62.6,4.7
324,New Norfolk,75,AU,1536118200,54,-42.78,147.06,57.2,4.7
325,Yangambi,48,CD,1536119740,100,0.77,24.47,68.57,2.91
326,Kahului,40,US,1536116160,74,20.89,-156.47,84.02,18.34
327,Vaini,76,IN,1536119612,99,15.34,74.49,70.55,6.04
328,Talnakh,92,RU,1536119575,99,69.49,88.39,40.04,19.46
329,Faya,0,SA,1536116400,93,18.39,42.45,64.4,6.93
330,Thompson,90,CA,1536116400,93,55.74,-97.86,41.0,14.99
331,Vrises,0,GR,1536117600,78,35.49,23.89,73.4,11.41
332,Mahebourg,40,MU,1536116400,78,-20.41,57.7,71.6,18.34
333,Carnarvon,8,ZA,1536119687,62,-30.97,22.13,30.86,5.48
334,Ancud,64,CL,1536119579,87,-41.87,-73.83,40.49,2.91
335,Noumea,75,NC,1536118200,88,-22.28,166.46,71.6,6.93
336,Kapaa,40,US,1536116160,84,22.08,-159.32,84.92,14.99
337,Cururupu,12,BR,1536119743,85,-1.82,-44.87,77.84,7.38
338,Zhangjiakou,0,CN,1536119743,48,40.77,114.88,74.87,4.14
339,Esmeralda,0,CL,1536119743,100,-34.33,-70.9,49.04,1.45
340,Puerto Narino,0,CO,1536116400,100,-3.77,-70.38,73.4,1.9
341,Ambanja,0,MG,1536119744,76,-13.68,48.45,60.11,3.69
342,Nelson Bay,75,AU,1536118200,77,-32.72,152.14,60.8,11.41
343,Zvishavane,8,ZW,1536119744,61,-20.32,30.05,60.56,4.47
344,Port Alfred,20,ZA,1536119594,93,-33.59,26.89,64.79,12.53
345,Hasaki,40,JP,1536117300,66,35.73,140.83,87.8,16.11
346,Hokitika,0,NZ,1536119730,84,-42.72,170.96,53.72,5.37
347,Riberalta,0,BO,1536119745,55,-11.0,-66.08,68.66,4.47
348,Mataura,0,NZ,1536119563,87,-46.19,168.86,53.36,4.59
349,Jamestown,12,AU,1536119578,38,-33.21,138.6,62.63,18.79
350,Avarua,75,CK,1536116400,64,-21.21,-159.78,75.2,14.99
351,Faya,0,SA,1536116400,93,18.39,42.45,64.4,6.93
352,Padang,0,ID,1536119583,100,-0.92,100.36,81.53,9.73
353,Kapaa,40,US,1536116160,84,22.08,-159.32,84.92,14.99
354,Cururupu,12,BR,1536119743,85,-1.82,-44.87,77.84,7.38
355,Kapaa,40,US,1536116160,84,22.08,-159.32,84.92,14.99
356,Enshi,80,CN,1536119746,86,30.29,109.48,77.39,3.58
357,Rikitea,76,PF,1536119573,100,-23.12,-134.97,71.54,26.17
358,Grindavik,0,IS,1536118200,87,63.84,-22.43,42.8,3.36
359,Akdepe,0,TM,1536116400,41,42.05,59.39,57.2,11.41
360,Faro,75,PT,1536118200,88,37.02,-7.94,69.8,8.05
361,Bluff,0,AU,1536119589,50,-23.58,149.07,75.59,9.51
362,Atuona,0,PF,1536119577,98,-9.8,-139.03,80.18,15.21
363,Rikitea,76,PF,1536119573,100,-23.12,-134.97,71.54,26.17
364,Puerto Ayora,0,EC,1536119598,100,-0.74,-90.35,71.18,11.97
365,Baghdad,0,IQ,1536116400,34,33.3,44.38,80.6,2.24
366,Polyarnyye Zori,100,RU,1536119747,95,67.37,32.5,51.65,4.03
367,Kodiak,40,US,1536115980,96,39.95,-94.76,75.02,4.7
368,Talaya,0,RU,1536119748,82,55.79,84.89,52.19,4.36
369,Hermanus,100,ZA,1536119594,99,-34.42,19.24,48.77,4.92
370,Busselton,76,AU,1536119562,100,-33.64,115.35,57.23,19.57
371,Mackay,5,CA,1536116400,71,53.65,-115.58,50.0,3.36
372,North Myrtle Beach,20,US,1536119700,93,33.83,-78.68,80.96,8.05
373,Hermanus,100,ZA,1536119594,99,-34.42,19.24,48.77,4.92
374,Tuktoyaktuk,40,CA,1536116400,100,69.44,-133.03,37.4,6.93
375,Grindavik,0,IS,1536118200,87,63.84,-22.43,42.8,3.36
376,Chokurdakh,0,RU,1536119581,69,70.62,147.9,44.99,16.11
377,Katsuura,20,JP,1536116400,51,33.93,134.5,84.2,16.11
378,Te Anau,0,NZ,1536119749,69,-45.41,167.72,52.73,3.47
379,Viedma,20,AR,1536119749,66,-40.81,-62.99,51.11,11.97
380,Punta Arenas,75,CL,1536116400,74,-53.16,-70.91,37.4,27.51
381,Upernavik,0,GL,1536119587,100,72.79,-56.15,36.44,11.74
382,Ponta do Sol,0,BR,1536119712,88,-20.63,-46.0,53.09,4.14
383,Ushuaia,90,AR,1536116400,87,-54.81,-68.31,39.2,38.03
384,Bima,68,ID,1536119750,79,-8.45,118.73,80.99,3.13
385,Bundaberg,64,AU,1536119750,95,-24.87,152.35,68.3,17.56
386,West Bay,75,GB,1536115800,82,50.71,-2.76,59.0,5.82
387,Thompson,90,CA,1536116400,93,55.74,-97.86,41.0,14.99
388,Vanimo,32,PG,1536119713,100,-2.67,141.3,80.54,0.67
389,Comalcalco,90,MX,1536115920,94,18.26,-93.22,73.4,4.7
390,Faanui,68,PF,1536119607,100,-16.48,-151.75,78.2,16.22
391,Kahului,40,US,1536116160,74,20.89,-156.47,84.02,18.34
392,Nanortalik,88,GL,1536119751,97,60.14,-45.24,39.5,36.35
393,Lata,56,IN,1536119751,97,30.78,78.62,61.82,1.9
394,Souillac,0,FR,1536118200,82,45.6,-0.6,64.4,4.7
395,Rikitea,76,PF,1536119573,100,-23.12,-134.97,71.54,26.17
396,Fredericksburg,1,US,1536117720,100,38.3,-77.46,78.08,4.36
397,Qaanaaq,80,GL,1536119591,100,77.48,-69.36,30.86,3.69
398,Codrington,92,AU,1536119579,100,-28.95,153.24,58.04,4.59
399,Zapolyarnyy,75,RU,1536117600,81,69.43,30.82,48.2,12.75
400,Hilo,75,US,1536118260,73,19.71,-155.08,82.04,4.7
401,Arvika,8,SE,1536117600,93,59.65,12.59,55.4,3.36
402,Nantucket,75,US,1536118500,100,41.28,-70.1,71.06,3.36
403,Shar,88,NG,1536119753,98,7.3,8.73,73.61,6.04
404,Hirna,24,ET,1536119754,71,9.22,41.1,61.64,4.59
405,Saskylakh,32,RU,1536119599,92,71.97,114.09,46.43,13.2
406,Carnarvon,8,ZA,1536119687,62,-30.97,22.13,30.86,5.48
407,Dubbo,75,AU,1536118200,37,-32.25,148.6,68.0,10.29
408,Mar del Plata,80,AR,1536119357,73,-46.43,-67.52,43.46,6.93
409,Yellowknife,75,CA,1536116400,75,62.45,-114.38,44.6,17.22
410,Rikitea,76,PF,1536119573,100,-23.12,-134.97,71.54,26.17
411,Severo-Kurilsk,8,RU,1536119754,84,50.68,156.12,57.23,4.47
412,Dikson,48,RU,1536119605,100,73.51,80.55,39.41,27.74
413,Saint-Augustin,0,FR,1536118200,77,44.83,-0.61,62.6,4.7
414,Neuquen,24,AR,1536116400,57,-38.95,-68.06,48.2,3.36
415,Punta Arenas,75,CL,1536116400,74,-53.16,-70.91,37.4,27.51
416,Tuatapere,0,NZ,1536119590,100,-46.13,167.69,48.95,5.7
417,Lompoc,90,US,1536118500,87,34.64,-120.46,62.96,3.36
418,Port Hardy,40,CA,1536116400,82,50.7,-127.42,55.4,5.82
419,Miandrivazo,0,MG,1536119756,85,-19.53,45.46,58.22,2.35
420,Hobart,75,AU,1536118200,54,-42.88,147.33,57.2,4.7
421,Mataura,0,NZ,1536119563,87,-46.19,168.86,53.36,4.59
422,Ushuaia,90,AR,1536116400,87,-54.81,-68.31,39.2,38.03
423,Nikolskoye,24,RU,1536116400,100,59.7,30.79,59.0,4.47
424,Tsumeb,0,NA,1536119756,43,-19.25,17.72,53.63,5.93
425,Sao Filipe,80,CV,1536119604,99,14.9,-24.5,78.29,18.23
426,Kapaa,40,US,1536116160,84,22.08,-159.32,84.92,14.99
427,Rawatbhata,32,IN,1536119757,94,24.93,75.59,76.13,9.95
428,Khatanga,92,RU,1536119694,98,71.98,102.47,41.21,26.73
429,Yellowknife,75,CA,1536116400,75,62.45,-114.38,44.6,17.22
430,Vaini,76,IN,1536119612,99,15.34,74.49,70.55,6.04
431,Busselton,76,AU,1536119562,100,-33.64,115.35,57.23,19.57
432,Ushuaia,90,AR,1536116400,87,-54.81,-68.31,39.2,38.03
433,Vaini,76,IN,1536119612,99,15.34,74.49,70.55,6.04
434,Ife,92,NG,1536119758,99,7.48,4.55,73.07,2.57
435,Litovko,100,RU,1536119758,100,49.24,135.18,60.2,11.07
436,At-Bashi,64,KG,1536119759,64,41.17,75.81,45.53,2.91
437,Hobart,75,AU,1536118200,54,-42.88,147.33,57.2,4.7
438,Dikson,48,RU,1536119605,100,73.51,80.55,39.41,27.74
439,Duminichi,12,RU,1536119759,65,53.93,35.11,62.18,8.72
440,Lokosovo,12,RU,1536119759,79,61.13,74.84,55.43,8.16
441,Port Elizabeth,1,US,1536116160,90,39.31,-74.98,82.94,4.36
442,Rikitea,76,PF,1536119573,100,-23.12,-134.97,71.54,26.17
443,San Patricio,0,PY,1536119760,86,-26.98,-56.83,49.94,3.58
444,Qaanaaq,80,GL,1536119591,100,77.48,-69.36,30.86,3.69
445,Pisco,0,PE,1536116400,87,-13.71,-76.2,60.8,6.93
446,Norman Wells,40,CA,1536116400,64,65.28,-126.83,39.2,3.36
447,Ancud,64,CL,1536119579,87,-41.87,-73.83,40.49,2.91
448,General Roca,24,AR,1536116400,57,-39.03,-67.58,48.2,3.36
449,Wigston,90,GB,1536117600,87,52.59,-1.11,57.2,6.93
450,Kargasok,68,RU,1536119761,73,59.06,80.87,50.3,4.36
451,Northam,88,GB,1536115800,93,51.04,-4.21,53.6,4.7
452,East London,0,ZA,1536116400,76,-33.02,27.91,53.6,10.29
453,Coihaique,0,CL,1536116400,75,-45.58,-72.07,41.0,2.24
454,Wajir,75,KE,1536116400,73,1.75,40.07,75.2,8.05
455,Bilibino,24,RU,1536119762,92,68.06,166.44,44.54,3.69
456,Rikitea,76,PF,1536119573,100,-23.12,-134.97,71.54,26.17
457,Makakilo City,75,US,1536118260,74,21.35,-158.09,86.0,10.29
458,Punta Arenas,75,CL,1536116400,74,-53.16,-70.91,37.4,27.51
459,Bambous Virieux,40,MU,1536116400,78,-20.34,57.76,71.6,18.34
460,Jamestown,12,AU,1536119578,38,-33.21,138.6,62.63,18.79
461,Shimoda,40,JP,1536116400,79,34.7,138.93,86.0,19.46
462,Maragogi,100,BR,1536119519,98,-9.01,-35.22,69.11,5.14
463,Atuona,0,PF,1536119577,98,-9.8,-139.03,80.18,15.21
464,Esperance,20,TT,1536116400,78,10.24,-61.45,78.8,4.14
465,Camabatela,12,AO,1536119763,94,-8.19,15.37,61.1,2.57
466,Ponta do Sol,0,BR,1536119712,88,-20.63,-46.0,53.09,4.14
467,Mataura,0,NZ,1536119563,87,-46.19,168.86,53.36,4.59
468,Mar del Plata,80,AR,1536119357,73,-46.43,-67.52,43.46,6.93
469,Mataura,0,NZ,1536119563,87,-46.19,168.86,53.36,4.59
470,Nikolskoye,24,RU,1536116400,100,59.7,30.79,59.0,4.47
471,Sitka,68,US,1536119763,85,37.17,-99.65,73.43,14.2
472,Cidreira,12,BR,1536119688,95,-30.17,-50.22,50.21,5.37
473,Ancud,64,CL,1536119579,87,-41.87,-73.83,40.49,2.91
474,Rikitea,76,PF,1536119573,100,-23.12,-134.97,71.54,26.17
475,Hasaki,40,JP,1536117300,66,35.73,140.83,87.8,16.11
476,Port Hardy,40,CA,1536116400,82,50.7,-127.42,55.4,5.82
477,Butaritari,32,KI,1536119595,100,3.07,172.79,84.59,6.6
478,Hovd,0,NO,1536117600,93,63.83,10.7,50.0,8.05
479,Rikitea,76,PF,1536119573,100,-23.12,-134.97,71.54,26.17
480,Ahipara,92,NZ,1536119690,88,-35.17,173.16,56.06,14.99
481,Mahebourg,40,MU,1536116400,78,-20.41,57.7,71.6,18.34
482,Namibe,76,AO,1536119575,100,-15.19,12.15,63.26,10.74
483,Thompson,90,CA,1536116400,93,55.74,-97.86,41.0,14.99
484,Qaanaaq,80,GL,1536119591,100,77.48,-69.36,30.86,3.69
485,Puerto Ayora,0,EC,1536119598,100,-0.74,-90.35,71.18,11.97
486,Ardesen,0,TR,1536118200,83,41.19,40.99,71.6,16.11
487,Kapaa,40,US,1536116160,84,22.08,-159.32,84.92,14.99
488,Thompson,90,CA,1536116400,93,55.74,-97.86,41.0,14.99
489,Mataura,0,NZ,1536119563,87,-46.19,168.86,53.36,4.59
490,Port Lincoln,92,AU,1536119592,75,-34.72,135.86,60.65,14.43
491,Vaini,76,IN,1536119612,99,15.34,74.49,70.55,6.04
492,Cape Town,40,ZA,1536116400,87,-33.93,18.42,51.8,10.29
493,Hilo,75,US,1536118260,73,19.71,-155.08,82.04,4.7
494,Quelimane,20,MZ,1536118200,88,-17.88,36.89,73.4,5.82
495,Bredasdorp,80,ZA,1536116400,81,-34.53,20.04,51.8,3.36
496,Grindavik,0,IS,1536118200,87,63.84,-22.43,42.8,3.36
497,Port Alfred,20,ZA,1536119594,93,-33.59,26.89,64.79,12.53
498,Bluff,0,AU,1536119589,50,-23.58,149.07,75.59,9.51
499,Champerico,90,MX,1536116880,83,16.38,-93.6,75.2,9.17
500,San Patricio,0,PY,1536119760,86,-26.98,-56.83,49.94,3.58
501,Galanta,0,SK,1536118200,82,48.19,17.73,66.2,8.05
502,Esperance,20,TT,1536116400,78,10.24,-61.45,78.8,4.14
503,Itarema,20,BR,1536119769,91,-2.92,-39.92,75.32,13.42
504,Rikitea,76,PF,1536119573,100,-23.12,-134.97,71.54,26.17
505,Palmer,0,AU,1536118200,19,-34.85,139.16,68.0,19.46
506,Yellowknife,75,CA,1536116400,75,62.45,-114.38,44.6,17.22
507,Kendari,92,ID,1536119610,66,-3.99,122.52,83.96,3.91
508,Palmer,0,AU,1536118200,19,-34.85,139.16,68.0,19.46
509,Rocky Mountain House,0,CA,1536119769,72,52.38,-114.92,47.06,3.91
510,Busselton,76,AU,1536119562,100,-33.64,115.35,57.23,19.57
511,Torbay,20,CA,1536116400,76,47.66,-52.73,57.2,2.24
512,Bethel,90,US,1536118020,63,60.79,-161.76,53.06,6.93
513,Punta Arenas,75,CL,1536116400,74,-53.16,-70.91,37.4,27.51
514,Lar,0,IR,1536116400,46,27.66,54.32,73.4,1.68
515,Hobart,75,AU,1536118200,54,-42.88,147.33,57.2,4.7
516,Georgetown,20,GY,1536116400,100,6.8,-58.16,75.2,3.58
517,Bluff,0,AU,1536119589,50,-23.58,149.07,75.59,9.51
518,Punta Arenas,75,CL,1536116400,74,-53.16,-70.91,37.4,27.51
519,Pitrufquen,44,CL,1536119771,90,-38.98,-72.65,38.33,1.57
520,Qaanaaq,80,GL,1536119591,100,77.48,-69.36,30.86,3.69
521,Puerto Ayora,0,EC,1536119598,100,-0.74,-90.35,71.18,11.97
522,East London,0,ZA,1536116400,76,-33.02,27.91,53.6,10.29
523,Saldanha,76,PT,1536119617,93,41.42,-6.55,55.97,1.12
524,Mataura,0,NZ,1536119563,87,-46.19,168.86,53.36,4.59
525,Bethel,90,US,1536118020,63,60.79,-161.76,53.06,6.93
526,Mataura,0,NZ,1536119563,87,-46.19,168.86,53.36,4.59
527,Georgetown,20,GY,1536116400,100,6.8,-58.16,75.2,3.58
528,Timon,0,BR,1536116400,65,-5.1,-42.84,82.4,8.05
529,Dhari,48,IN,1536119772,91,21.33,71.03,76.49,11.07
530,Cidreira,12,BR,1536119688,95,-30.17,-50.22,50.21,5.37
531,Hermanus,100,ZA,1536119594,99,-34.42,19.24,48.77,4.92
532,Yellowknife,75,CA,1536116400,75,62.45,-114.38,44.6,17.22
533,Bredasdorp,80,ZA,1536116400,81,-34.53,20.04,51.8,3.36
534,Rikitea,76,PF,1536119573,100,-23.12,-134.97,71.54,26.17
535,Mataura,0,NZ,1536119563,87,-46.19,168.86,53.36,4.59
536,Butaritari,32,KI,1536119595,100,3.07,172.79,84.59,6.6
537,Mataura,0,NZ,1536119563,87,-46.19,168.86,53.36,4.59
538,Punta Arenas,75,CL,1536116400,74,-53.16,-70.91,37.4,27.51
539,Bredasdorp,80,ZA,1536116400,81,-34.53,20.04,51.8,3.36
540,Rawson,12,AR,1536119689,62,-43.3,-65.11,48.23,12.08
541,Waddan,0,LY,1536119774,52,29.16,16.14,67.49,2.68
542,New Norfolk,75,AU,1536118200,54,-42.78,147.06,57.2,4.7
543,Pangnirtung,0,CA,1536119613,75,66.15,-65.72,37.25,4.14
544,Hermanus,100,ZA,1536119594,99,-34.42,19.24,48.77,4.92
545,Ushuaia,90,AR,1536116400,87,-54.81,-68.31,39.2,38.03
546,Arraial do Cabo,48,BR,1536119696,100,-22.97,-42.02,66.14,23.6
547,Vaini,76,IN,1536119612,99,15.34,74.49,70.55,6.04
548,Hermanus,100,ZA,1536119594,99,-34.42,19.24,48.77,4.92
549,Port Alfred,20,ZA,1536119594,93,-33.59,26.89,64.79,12.53
550,Aklavik,20,CA,1536116400,60,68.22,-135.01,42.8,4.7
551,Flin Flon,0,CA,1536119775,82,54.77,-101.88,46.16,7.49
552,New Norfolk,75,AU,1536118200,54,-42.78,147.06,57.2,4.7
553,Atuona,0,PF,1536119577,98,-9.8,-139.03,80.18,15.21
554,Ukiah,1,US,1536116160,34,39.15,-123.21,80.96,5.82
555,Rikitea,76,PF,1536119573,100,-23.12,-134.97,71.54,26.17
556,Puerto del Rosario,0,ES,1536118200,83,28.5,-13.86,71.6,12.75
557,Kachiry,8,KZ,1536119776,78,53.07,76.1,52.91,7.49
558,Bredasdorp,80,ZA,1536116400,81,-34.53,20.04,51.8,3.36
559,Severo-Kurilsk,8,RU,1536119754,84,50.68,156.12,57.23,4.47
560,Montepuez,20,MZ,1536119776,94,-13.13,39.0,61.73,0.67
561,Dingle,92,PH,1536119777,100,11.0,122.67,73.52,9.17
562,Ribeira Grande,32,PT,1536119580,100,38.52,-28.7,72.71,3.36
563,Ushuaia,90,AR,1536116400,87,-54.81,-68.31,39.2,38.03
564,Avarua,75,CK,1536116400,64,-21.21,-159.78,75.2,14.99
565,Ushuaia,90,AR,1536116400,87,-54.81,-68.31,39.2,38.03
566,Saint George,20,GR,1536117600,52,39.45,22.34,69.8,2.24
567,Santa Isabel,48,CO,1536119778,68,4.71,-75.1,66.5,3.91
568,Coquimbo,90,CL,1536116400,76,-29.95,-71.34,55.4,2.24
569,Weatherford,8,US,1536117300,90,32.76,-97.8,82.94,4.7
570,Saskylakh,32,RU,1536119599,92,71.97,114.09,46.43,13.2
571,Constitucion,75,MX,1536117060,100,23.99,-104.67,60.8,8.05
572,Camacha,20,PT,1536118200,77,33.08,-16.33,69.8,9.17
573,Guerrero Negro,0,MX,1536119779,75,27.97,-114.04,72.89,7.38
574,Albany,20,US,1536116040,78,42.65,-73.75,71.96,2.01
575,Luderitz,24,NA,1536119779,94,-26.65,15.16,48.41,4.59
576,Sabha,0,LY,1536119780,37,27.03,14.43,73.61,8.61
577,Camacha,20,PT,1536118200,77,33.08,-16.33,69.8,9.17
578,Norman Wells,40,CA,1536116400,64,65.28,-126.83,39.2,3.36
579,Eregli,0,TR,1536119780,72,37.51,34.05,54.26,2.35
580,Hobart,75,AU,1536118200,54,-42.88,147.33,57.2,4.7
581,Rikitea,76,PF,1536119573,100,-23.12,-134.97,71.54,26.17
582,Hermanus,100,ZA,1536119594,99,-34.42,19.24,48.77,4.92
583,Yellowknife,75,CA,1536116400,75,62.45,-114.38,44.6,17.22
584,Kapaa,40,US,1536116160,84,22.08,-159.32,84.92,14.99
585,Kinshasa,32,CD,1536119781,81,-4.32,15.31,74.24,5.59
586,Baena,0,ES,1536118200,77,37.62,-4.32,66.2,4.03
587,Tuatapere,0,NZ,1536119590,100,-46.13,167.69,48.95,5.7
588,Tezu,32,IN,1536119781,87,27.93,96.16,75.14,1.57
589,Arlit,0,NE,1536119782,31,18.74,7.39,71.36,4.36
590,Punta Arenas,75,CL,1536116400,74,-53.16,-70.91,37.4,27.51
591,Makubetsu,20,JP,1536116400,54,42.84,143.34,82.4,9.17
592,Rikitea,76,PF,1536119573,100,-23.12,-134.97,71.54,26.17
593,Narsaq,92,GL,1536115800,50,60.91,-46.05,51.8,28.86
594,Rikitea,76,PF,1536119573,100,-23.12,-134.97,71.54,26.17
595,Butaritari,32,KI,1536119595,100,3.07,172.79,84.59,6.6
596,San Jose,36,PH,1536119783,92,15.79,120.99,80.27,2.13
597,Poso,44,ID,1536119784,100,-1.4,120.75,81.8,2.57
598,Butaritari,32,KI,1536119595,100,3.07,172.79,84.59,6.6
599,Khorixas,0,NA,1536119784,84,-20.37,14.96,45.98,2.57
600,Mataura,0,NZ,1536119563,87,-46.19,168.86,53.36,4.59
601,Vertientes,20,CU,1536115800,88,21.26,-78.15,78.8,8.05
602,Goderich,0,CA,1536119785,90,43.74,-81.71,73.97,8.5
603,Norman Wells,40,CA,1536116400,64,65.28,-126.83,39.2,3.36
604,Alice Springs,75,AU,1536118200,14,-23.7,133.88,84.2,18.34
605,Luderitz,24,NA,1536119779,94,-26.65,15.16,48.41,4.59
606,Jamestown,12,AU,1536119578,38,-33.21,138.6,62.63,18.79
607,Hilo,75,US,1536118260,73,19.71,-155.08,82.04,4.7
608,Batas,40,PH,1536116400,100,14.23,120.94,84.2,8.05
609,Grindavik,0,IS,1536118200,87,63.84,-22.43,42.8,3.36
610,New Norfolk,75,AU,1536118200,54,-42.78,147.06,57.2,4.7
611,Vestmannaeyjar,56,IS,1536119786,100,63.44,-20.27,46.34,3.58
612,Urengoy,92,RU,1536119786,80,65.96,78.37,53.0,9.51
613,Yellowknife,75,CA,1536116400,75,62.45,-114.38,44.6,17.22
614,Kodiak,40,US,1536115980,96,39.95,-94.76,75.02,4.7
615,Mataura,0,NZ,1536119563,87,-46.19,168.86,53.36,4.59
616,Ongandjera,0,NA,1536119787,39,-17.88,15.07,59.21,10.18
617,Port Alfred,20,ZA,1536119594,93,-33.59,26.89,64.79,12.53
618,Rikitea,76,PF,1536119573,100,-23.12,-134.97,71.54,26.17
619,Punta Arenas,75,CL,1536116400,74,-53.16,-70.91,37.4,27.51
620,Barahona,64,DO,1536119787,99,18.21,-71.1,82.16,9.62
621,Tutoia,8,BR,1536119788,79,-2.76,-42.27,78.65,15.99
622,Mataura,0,NZ,1536119563,87,-46.19,168.86,53.36,4.59
623,Plyussa,36,RU,1536119728,91,58.42,29.37,55.7,3.13
624,Ler,0,NO,1536117600,93,63.2,10.3,50.0,8.05
625,Nikolskoye,24,RU,1536116400,100,59.7,30.79,59.0,4.47
626,Zeya,36,RU,1536119789,68,53.74,127.27,59.75,8.61
627,Ushuaia,90,AR,1536116400,87,-54.81,-68.31,39.2,38.03
628,Busselton,76,AU,1536119562,100,-33.64,115.35,57.23,19.57
629,Mataura,0,NZ,1536119563,87,-46.19,168.86,53.36,4.59
630,Butaritari,32,KI,1536119595,100,3.07,172.79,84.59,6.6
631,Camacha,20,PT,1536118200,77,33.08,-16.33,69.8,9.17
632,Mogadishu,75,SO,1536116400,83,2.04,45.34,77.0,12.75
633,Atuona,0,PF,1536119577,98,-9.8,-139.03,80.18,15.21
634,Cherskiy,0,RU,1536119586,77,68.75,161.3,44.09,2.57
635,Wattegama,48,LK,1536119790,83,7.35,80.68,75.86,6.38
636,Mataura,0,NZ,1536119563,87,-46.19,168.86,53.36,4.59
637,Itoman,75,JP,1536117360,88,26.12,127.67,80.6,3.36
638,Cidreira,12,BR,1536119688,95,-30.17,-50.22,50.21,5.37
639,Rikitea,76,PF,1536119573,100,-23.12,-134.97,71.54,26.17
640,Atuona,0,PF,1536119577,98,-9.8,-139.03,80.18,15.21
641,Mar del Plata,80,AR,1536119357,73,-46.43,-67.52,43.46,6.93
642,Hobart,75,AU,1536118200,54,-42.88,147.33,57.2,4.7
643,Katsuura,20,JP,1536116400,51,33.93,134.5,84.2,16.11
644,Bredasdorp,80,ZA,1536116400,81,-34.53,20.04,51.8,3.36
645,Kaeo,64,NZ,1536119791,74,-35.1,173.78,57.14,10.96
646,Alyangula,0,AU,1536119792,78,-13.85,136.42,81.71,18.23
647,Avarua,75,CK,1536116400,64,-21.21,-159.78,75.2,14.99
648,Annau,0,TM,1536116400,27,37.89,58.52,62.6,4.7
649,Rikitea,76,PF,1536119573,100,-23.12,-134.97,71.54,26.17
650,Klaksvik,80,FO,1536117600,100,62.23,-6.59,50.0,8.05
651,Butaritari,32,KI,1536119595,100,3.07,172.79,84.59,6.6
652,Punta Arenas,75,CL,1536116400,74,-53.16,-70.91,37.4,27.51
653,Saskylakh,32,RU,1536119599,92,71.97,114.09,46.43,13.2
654,Mataura,0,NZ,1536119563,87,-46.19,168.86,53.36,4.59
655,Qaanaaq,80,GL,1536119591,100,77.48,-69.36,30.86,3.69
656,Atuona,0,PF,1536119577,98,-9.8,-139.03,80.18,15.21
657,Hilo,75,US,1536118260,73,19.71,-155.08,82.04,4.7
658,Hobart,75,AU,1536118200,54,-42.88,147.33,57.2,4.7
659,Mansfield,1,US,1536118620,94,40.76,-82.52,77.0,2.91
660,Punta Arenas,75,CL,1536116400,74,-53.16,-70.91,37.4,27.51
661,Busselton,76,AU,1536119562,100,-33.64,115.35,57.23,19.57
662,Middle Island,1,US,1536118980,90,40.88,-72.94,78.08,7.72
663,Xuanwu,0,CN,1536116400,48,32.07,118.81,87.8,6.71
664,Saint-Philippe,90,CA,1536117300,72,45.36,-73.48,71.6,3.36
665,Nanortalik,88,GL,1536119751,97,60.14,-45.24,39.5,36.35
666,Sao Joao da Barra,56,BR,1536119795,100,-21.64,-41.05,70.01,15.1
667,San Patricio,0,PY,1536119760,86,-26.98,-56.83,49.94,3.58
668,Malanville,0,NE,1536119795,97,11.86,3.39,71.36,5.93
669,Albany,20,US,1536116040,78,42.65,-73.75,71.96,2.01
670,Port Macquarie,44,AU,1536116400,48,-31.43,152.91,64.4,11.41
671,Cabo San Lucas,20,MX,1536115740,78,22.89,-109.91,84.2,16.11
672,Yellowknife,75,CA,1536116400,75,62.45,-114.38,44.6,17.22
673,Port Alfred,20,ZA,1536119594,93,-33.59,26.89,64.79,12.53
674,Avarua,75,CK,1536116400,64,-21.21,-159.78,75.2,14.99
675,Acapulco,75,MX,1536115800,78,16.86,-99.88,82.4,3.02
676,Masindi,0,UG,1536119796,90,1.69,31.72,58.04,2.68
677,Provideniya,90,RU,1536116400,81,64.42,-173.23,50.0,15.66
678,Ilulissat,0,GL,1536115800,69,69.22,-51.1,33.8,3.69
679,Atuona,0,PF,1536119577,98,-9.8,-139.03,80.18,15.21
680,Tasiilaq,92,GL,1536115800,96,65.61,-37.64,41.0,1.12
681,Kapaa,40,US,1536116160,84,22.08,-159.32,84.92,14.99
682,Qaanaaq,80,GL,1536119591,100,77.48,-69.36,30.86,3.69
683,Kutum,12,SD,1536119797,89,14.2,24.66,67.31,11.52
684,Chuy,0,UY,1536119602,92,-33.69,-53.46,44.27,3.13
685,Mataura,0,NZ,1536119563,87,-46.19,168.86,53.36,4.59
686,Barrow,8,AR,1536119400,54,-38.31,-60.23,58.67,14.99
687,Touros,76,BR,1536119798,86,-5.2,-35.46,76.13,11.41
688,Punta Arenas,75,CL,1536116400,74,-53.16,-70.91,37.4,27.51
689,Saint-Augustin,0,FR,1536118200,77,44.83,-0.61,62.6,4.7
690,Saint Anthony,1,US,1536116160,25,43.97,-111.68,71.06,5.82
691,Lebu,75,ET,1536116400,93,8.96,38.73,53.6,2.24
692,Hilo,75,US,1536118260,73,19.71,-155.08,82.04,4.7
693,Hermanus,100,ZA,1536119594,99,-34.42,19.24,48.77,4.92
694,Geraldton,90,CA,1536117840,93,49.72,-86.95,60.8,8.05
695,Vaini,76,IN,1536119612,99,15.34,74.49,70.55,6.04
696,Leningradskiy,92,RU,1536119573,100,69.38,178.42,38.51,8.39
697,Atuona,0,PF,1536119577,98,-9.8,-139.03,80.18,15.21
698,Albany,20,US,1536116040,78,42.65,-73.75,71.96,2.01
699,Byron Bay,90,AU,1536118200,68,-28.65,153.62,66.2,12.75
700,Vaini,76,IN,1536119612,99,15.34,74.49,70.55,6.04
701,Vardo,1,US,1536117300,69,39.62,-77.74,82.04,2.68
702,Tiksi,0,RU,1536119592,73,71.64,128.87,43.91,23.04
703,Neyshabur,0,IR,1536119800,42,36.21,58.79,46.07,3.47
704,Novyy Urengoy,100,RU,1536119681,98,66.08,76.63,53.81,5.48
705,Banfora,92,BF,1536119801,99,10.64,-4.75,69.02,5.03
706,Muros,40,ES,1536118200,100,42.77,-9.06,60.8,9.17
707,Petropavlovsk-Kamchatskiy,40,RU,1536116400,67,53.05,158.65,62.6,11.18
708,Butaritari,32,KI,1536119595,100,3.07,172.79,84.59,6.6
709,Pangnirtung,0,CA,1536119613,75,66.15,-65.72,37.25,4.14
710,Tuktoyaktuk,40,CA,1536116400,100,69.44,-133.03,37.4,6.93
711,Rikitea,76,PF,1536119573,100,-23.12,-134.97,71.54,26.17
712,Port Blair,68,IN,1536119618,100,11.67,92.75,77.66,16.78
713,Constitucion,75,MX,1536117060,100,23.99,-104.67,60.8,8.05
714,Arraial do Cabo,48,BR,1536119696,100,-22.97,-42.02,66.14,23.6
715,Tabuk,12,PH,1536119802,81,17.41,121.44,78.02,2.13
716,Rikitea,76,PF,1536119573,100,-23.12,-134.97,71.54,26.17
717,Busselton,76,AU,1536119562,100,-33.64,115.35,57.23,19.57
718,Dikson,48,RU,1536119605,100,73.51,80.55,39.41,27.74
719,Rikitea,76,PF,1536119573,100,-23.12,-134.97,71.54,26.17
720,Salalah,90,OM,1536115800,83,17.01,54.1,77.0,3.36
721,Busselton,76,AU,1536119562,100,-33.64,115.35,57.23,19.57
722,Kodiak,40,US,1536115980,96,39.95,-94.76,75.02,4.7
723,Puerto Ayora,0,EC,1536119598,100,-0.74,-90.35,71.18,11.97
724,Hobart,75,AU,1536118200,54,-42.88,147.33,57.2,4.7
725,Ushuaia,90,AR,1536116400,87,-54.81,-68.31,39.2,38.03
726,Kuching,75,MY,1536118200,66,1.56,110.34,87.8,3.36
727,Saint-Philippe,90,CA,1536117300,72,45.36,-73.48,71.6,3.36
728,Fairbanks,90,US,1536118080,81,64.84,-147.72,51.08,10.29
729,Carnarvon,8,ZA,1536119687,62,-30.97,22.13,30.86,5.48
730,Bredasdorp,80,ZA,1536116400,81,-34.53,20.04,51.8,3.36
731,Altay,0,CN,1536119804,31,47.83,88.13,48.23,3.02
732,Bredasdorp,80,ZA,1536116400,81,-34.53,20.04,51.8,3.36
733,Hilo,75,US,1536118260,73,19.71,-155.08,82.04,4.7
734,Atuona,0,PF,1536119577,98,-9.8,-139.03,80.18,15.21
735,Arman,90,RU,1536116400,100,59.7,150.17,59.0,6.71
736,Bathsheba,20,BB,1536116400,78,13.22,-59.52,80.6,11.41
737,Thompson,90,CA,1536116400,93,55.74,-97.86,41.0,14.99
738,Tiksi,0,RU,1536119592,73,71.64,128.87,43.91,23.04
739,Turka,36,UA,1536119805,89,49.16,23.03,52.01,2.13
740,Vestmannaeyjar,56,IS,1536119786,100,63.44,-20.27,46.34,3.58
741,Kapaa,40,US,1536116160,84,22.08,-159.32,84.92,14.99
742,Butaritari,32,KI,1536119595,100,3.07,172.79,84.59,6.6
743,Oranjemund,92,ZA,1536119806,100,-28.55,16.43,54.53,9.17
744,Comodoro Rivadavia,0,AR,1536116400,87,-45.87,-67.48,44.6,10.63
745,Indramayu,8,ID,1536119806,47,-4.05,103.78,82.79,3.36
746,Sulangan,92,PH,1536119806,100,11.14,123.72,81.89,21.25
747,Hermanus,100,ZA,1536119594,99,-34.42,19.24,48.77,4.92
748,Zhuhai,0,CN,1536116400,64,40.71,112.04,68.0,4.47
749,Sasolburg,0,ZA,1536116400,49,-26.81,27.82,46.4,7.49
750,Wellington,92,NZ,1536118200,81,-41.29,174.78,50.0,27.51
751,Lebu,75,ET,1536116400,93,8.96,38.73,53.6,2.24
752,Iqaluit,5,CA,1536116400,81,63.75,-68.52,42.8,9.17
753,Adrar,0,DZ,1536116400,15,27.87,-0.29,87.8,8.05
754,Rikitea,76,PF,1536119573,100,-23.12,-134.97,71.54,26.17
755,Pacific Grove,1,US,1536118500,87,36.62,-121.92,60.08,8.05
756,Ushuaia,90,AR,1536116400,87,-54.81,-68.31,39.2,38.03
757,San Fernando,20,TT,1536116400,78,10.28,-61.46,78.8,4.14
758,Kaitangata,0,NZ,1536119809,86,-46.28,169.85,50.57,5.48
759,Khatanga,92,RU,1536119694,98,71.98,102.47,41.21,26.73
760,Jamestown,12,AU,1536119578,38,-33.21,138.6,62.63,18.79
761,Clarence Town,75,AU,1536118200,77,-32.59,151.78,60.8,11.41
762,La Libertad,0,PE,1536116400,24,-16.38,-71.56,55.4,2.24
763,Longyearbyen,75,NO,1536115800,80,78.22,15.63,39.2,19.46
764,Ponta do Sol,0,BR,1536119712,88,-20.63,-46.0,53.09,4.14
765,Waddan,0,LY,1536119774,52,29.16,16.14,67.49,2.68
766,Fortuna,20,ES,1536118200,88,38.18,-1.13,75.2,1.9
767,Geraldton,90,CA,1536117840,93,49.72,-86.95,60.8,8.05
768,Vaini,76,IN,1536119612,99,15.34,74.49,70.55,6.04
769,Martonvasar,0,HU,1536118200,100,47.32,18.79,59.0,4.7
770,Georgetown,20,GY,1536116400,100,6.8,-58.16,75.2,3.58
771,Nachalovo,0,RU,1536116400,59,46.34,48.19,66.2,15.66
772,Georgetown,20,GY,1536116400,100,6.8,-58.16,75.2,3.58
773,Hilo,75,US,1536118260,73,19.71,-155.08,82.04,4.7
774,Barrow,8,AR,1536119400,54,-38.31,-60.23,58.67,14.99
775,Xingcheng,0,CN,1536119812,40,40.62,120.71,80.99,11.41
776,Cherskiy,0,RU,1536119586,77,68.75,161.3,44.09,2.57
777,Torbay,20,CA,1536116400,76,47.66,-52.73,57.2,2.24
778,Carnarvon,8,ZA,1536119687,62,-30.97,22.13,30.86,5.48
779,Medvezhyegorsk,92,RU,1536119812,96,62.92,34.47,58.04,4.36
780,Savonlinna,90,FI,1536117600,93,61.87,28.88,60.8,3.36
781,New Norfolk,75,AU,1536118200,54,-42.78,147.06,57.2,4.7
782,Jamestown,12,AU,1536119578,38,-33.21,138.6,62.63,18.79
783,Castro,64,CL,1536119564,97,-42.48,-73.76,40.76,3.02
784,Port Elizabeth,1,US,1536116160,90,39.31,-74.98,82.94,4.36
785,Kapaa,40,US,1536116160,84,22.08,-159.32,84.92,14.99
786,Serebryansk,0,KZ,1536119813,66,49.68,83.3,48.68,2.46
787,Flinders,75,AU,1536116400,55,-34.58,150.85,62.6,11.41
788,Fortuna,20,ES,1536118200,88,38.18,-1.13,75.2,1.9
789,Robertsport,92,LR,1536119813,100,6.75,-11.37,77.21,9.62
790,Bethel,90,US,1536118020,63,60.79,-161.76,53.06,6.93
791,Victoria,75,BN,1536118200,94,5.28,115.24,82.4,2.24
792,Rikitea,76,PF,1536119573,100,-23.12,-134.97,71.54,26.17
793,Rikitea,76,PF,1536119573,100,-23.12,-134.97,71.54,26.17
794,Carnarvon,8,ZA,1536119687,62,-30.97,22.13,30.86,5.48
795,Mlonggo,0,ID,1536119814,71,-6.53,110.7,85.22,5.7
796,Wladyslawowo,20,PL,1536118200,100,54.79,18.4,57.2,4.7
797,Kapaa,40,US,1536116160,84,22.08,-159.32,84.92,14.99
798,Hasaki,40,JP,1536117300,66,35.73,140.83,87.8,16.11
799,Grindavik,0,IS,1536118200,87,63.84,-22.43,42.8,3.36
800,Trincomalee,0,LK,1536119815,63,8.58,81.23,84.14,18.45
801,Rikitea,76,PF,1536119573,100,-23.12,-134.97,71.54,26.17
802,Vaini,76,IN,1536119612,99,15.34,74.49,70.55,6.04
803,Nabire,80,ID,1536119815,96,-3.36,135.5,70.64,2.13
804,Los Llanos de Aridane,20,ES,1536118200,73,28.66,-17.92,71.6,9.17
805,Kieta,8,PG,1536119816,100,-6.22,155.63,79.1,2.35
806,Arraial do Cabo,48,BR,1536119696,100,-22.97,-42.02,66.14,23.6
807,Margate,75,AU,1536118200,54,-43.03,147.26,57.2,4.7
808,Bluff,0,AU,1536119589,50,-23.58,149.07,75.59,9.51
809,Cape Town,40,ZA,1536116400,87,-33.93,18.42,51.8,10.29
810,San Ramon,88,NI,1536119817,90,12.92,-85.84,71.09,2.13
811,Buenos Aires,0,AR,1536116400,82,-34.61,-58.44,59.0,6.93
812,Raudeberg,75,NO,1536117600,93,61.99,5.14,57.2,5.82
813,Saint-Augustin,0,FR,1536118200,77,44.83,-0.61,62.6,4.7
814,Puerto Ayora,0,EC,1536119598,100,-0.74,-90.35,71.18,11.97
815,Saskylakh,32,RU,1536119599,92,71.97,114.09,46.43,13.2
816,Port Alfred,20,ZA,1536119594,93,-33.59,26.89,64.79,12.53
817,Bluff,0,AU,1536119589,50,-23.58,149.07,75.59,9.51
818,Dikson,48,RU,1536119605,100,73.51,80.55,39.41,27.74
819,Albany,20,US,1536116040,78,42.65,-73.75,71.96,2.01
820,Atuona,0,PF,1536119577,98,-9.8,-139.03,80.18,15.21
821,Pevek,88,RU,1536119819,100,69.7,170.27,39.86,9.95
822,Saryg-Sep,32,RU,1536119819,88,51.49,95.55,42.92,3.36
823,Moranbah,64,AU,1536119699,47,-22.0,148.04,73.34,9.62
824,Olinda,0,EC,1536116400,77,-2.03,-79.75,69.8,14.99
825,Luderitz,24,NA,1536119779,94,-26.65,15.16,48.41,4.59
826,Rikitea,76,PF,1536119573,100,-23.12,-134.97,71.54,26.17
827,Xiaoshi,0,CN,1536119820,70,30.59,116.63,84.41,3.58
828,Hilo,75,US,1536118260,73,19.71,-155.08,82.04,4.7
829,Hilo,75,US,1536118260,73,19.71,-155.08,82.04,4.7
830,Hobart,75,AU,1536118200,54,-42.88,147.33,57.2,4.7
831,New Norfolk,75,AU,1536118200,54,-42.78,147.06,57.2,4.7
832,Victoria,75,BN,1536118200,94,5.28,115.24,82.4,2.24
833,Hastings,92,NZ,1536119708,100,-39.64,176.84,52.37,2.35
834,Constitucion,75,MX,1536117060,100,23.99,-104.67,60.8,8.05
835,Tasiilaq,92,GL,1536115800,96,65.61,-37.64,41.0,1.12
836,Bambous Virieux,40,MU,1536116400,78,-20.34,57.76,71.6,18.34
837,Rikitea,76,PF,1536119573,100,-23.12,-134.97,71.54,26.17
838,Emporia,20,US,1536115980,93,38.4,-96.18,71.96,9.17
839,Dong Hoi,0,VN,1536119822,81,17.48,106.6,86.57,15.1
840,Marsaxlokk,20,MT,1536119100,83,35.84,14.54,73.4,2.24
841,Bilma,0,NE,1536119823,40,18.69,12.92,72.35,3.69
842,Aitape,56,PG,1536119823,98,-3.15,142.36,80.36,2.35
843,Kruisfontein,8,ZA,1536119823,100,-34.0,24.73,54.53,5.03
844,Mataura,0,NZ,1536119563,87,-46.19,168.86,53.36,4.59
845,Kapaa,40,US,1536116160,84,22.08,-159.32,84.92,14.99
846,Saint-Joseph,0,FR,1536118200,88,43.56,6.97,69.8,5.82
847,Mahebourg,40,MU,1536116400,78,-20.41,57.7,71.6,18.34
848,Longyearbyen,75,NO,1536115800,80,78.22,15.63,39.2,19.46
849,Jeremie,68,HT,1536119824,100,18.65,-74.12,79.91,3.69
850,Ushuaia,90,AR,1536116400,87,-54.81,-68.31,39.2,38.03
851,Tura,80,IN,1536119824,94,25.52,90.21,80.09,3.13
852,Oktyabrskoye,0,RU,1536119825,67,56.73,85.44,52.37,3.47
853,Billings,20,US,1536115980,47,45.79,-108.5,57.92,8.05
854,Kapaa,40,US,1536116160,84,22.08,-159.32,84.92,14.99
855,Busselton,76,AU,1536119562,100,-33.64,115.35,57.23,19.57
856,Punta Arenas,75,CL,1536116400,74,-53.16,-70.91,37.4,27.51
857,Carnarvon,8,ZA,1536119687,62,-30.97,22.13,30.86,5.48
858,New Norfolk,75,AU,1536118200,54,-42.78,147.06,57.2,4.7
859,Lebu,75,ET,1536116400,93,8.96,38.73,53.6,2.24
860,Cidreira,12,BR,1536119688,95,-30.17,-50.22,50.21,5.37
861,Pevek,88,RU,1536119819,100,69.7,170.27,39.86,9.95
862,Mataura,0,NZ,1536119563,87,-46.19,168.86,53.36,4.59
863,Port Elizabeth,1,US,1536116160,90,39.31,-74.98,82.94,4.36
864,Fairbanks,90,US,1536118080,81,64.84,-147.72,51.08,10.29
865,Darnah,8,LY,1536119826,100,32.77,22.64,79.01,21.03
866,Tuktoyaktuk,40,CA,1536116400,100,69.44,-133.03,37.4,6.93
867,Ushuaia,90,AR,1536116400,87,-54.81,-68.31,39.2,38.03
868,Norman Wells,40,CA,1536116400,64,65.28,-126.83,39.2,3.36
869,Busselton,76,AU,1536119562,100,-33.64,115.35,57.23,19.57
870,Albany,20,US,1536116040,78,42.65,-73.75,71.96,2.01
871,Victoria,75,BN,1536118200,94,5.28,115.24,82.4,2.24
872,Tuktoyaktuk,40,CA,1536116400,100,69.44,-133.03,37.4,6.93
873,Harper,75,US,1536117300,76,30.3,-99.24,76.28,3.36
874,Saint George,20,GR,1536117600,52,39.45,22.34,69.8,2.24
875,Rocha,0,UY,1536119618,91,-34.48,-54.34,44.99,6.49
876,Aljezur,64,PT,1536119802,98,37.31,-8.8,67.85,6.15
877,Cape Town,40,ZA,1536116400,87,-33.93,18.42,51.8,10.29
878,Narsaq,92,GL,1536115800,50,60.91,-46.05,51.8,28.86
879,Clyde River,1,CA,1536116400,93,70.47,-68.59,37.4,4.7
880,Bluff,0,AU,1536119589,50,-23.58,149.07,75.59,9.51
881,Galesong,20,ID,1536118200,55,-5.32,119.37,87.8,9.17
882,Sao Felix do Xingu,0,BR,1536119829,87,-6.64,-51.99,74.24,2.01
883,Fortuna,20,ES,1536118200,88,38.18,-1.13,75.2,1.9
884,Ilulissat,0,GL,1536115800,69,69.22,-51.1,33.8,3.69
885,Hithadhoo,44,MV,1536119584,100,-0.6,73.08,78.47,5.93
886,Ayan,0,TR,1536119713,89,40.67,33.6,48.23,2.46
887,Busselton,76,AU,1536119562,100,-33.64,115.35,57.23,19.57
888,Tasiilaq,92,GL,1536115800,96,65.61,-37.64,41.0,1.12
889,Mataura,0,NZ,1536119563,87,-46.19,168.86,53.36,4.59
890,Port Elizabeth,1,US,1536116160,90,39.31,-74.98,82.94,4.36
891,Kodiak,40,US,1536115980,96,39.95,-94.76,75.02,4.7
892,Kaitangata,0,NZ,1536119809,86,-46.28,169.85,50.57,5.48
893,Romitan,0,UZ,1536116400,44,39.93,64.38,59.0,9.17
894,Tomiya,40,JP,1536116400,74,38.38,140.9,82.4,8.05
895,Sisimiut,0,GL,1536119830,100,66.94,-53.67,26.54,2.13
896,Zhezkazgan,0,KZ,1536116400,58,47.8,67.71,55.4,15.66
897,Airai,0,TL,1536119569,43,-8.93,125.41,84.77,1.9
898,Tiznit,20,MA,1536119831,99,29.7,-9.73,65.24,0.89
899,Clyde River,1,CA,1536116400,93,70.47,-68.59,37.4,4.7
900,Ushuaia,90,AR,1536116400,87,-54.81,-68.31,39.2,38.03
901,New Norfolk,75,AU,1536118200,54,-42.78,147.06,57.2,4.7
902,Cape Town,40,ZA,1536116400,87,-33.93,18.42,51.8,10.29
903,Thompson,90,CA,1536116400,93,55.74,-97.86,41.0,14.99
904,Jamestown,12,AU,1536119578,38,-33.21,138.6,62.63,18.79
905,Rikitea,76,PF,1536119573,100,-23.12,-134.97,71.54,26.17
906,Kahului,40,US,1536116160,74,20.89,-156.47,84.02,18.34
907,Jiangyou,92,CN,1536119832,96,31.78,104.73,71.27,10.51
908,Vaini,76,IN,1536119612,99,15.34,74.49,70.55,6.04
909,Albany,20,US,1536116040,78,42.65,-73.75,71.96,2.01
910,Rikitea,76,PF,1536119573,100,-23.12,-134.97,71.54,26.17
911,Timizart,88,DZ,1536119833,67,36.8,4.25,70.91,3.13
912,Lompoc,90,US,1536118500,87,34.64,-120.46,62.96,3.36
913,Mataura,0,NZ,1536119563,87,-46.19,168.86,53.36,4.59
914,Muriti,40,TZ,1536116400,88,-1.99,32.93,64.4,9.06
915,Ushuaia,90,AR,1536116400,87,-54.81,-68.31,39.2,38.03
916,Balikpapan,40,ID,1536118200,74,-1.24,116.86,86.0,8.05
917,Yellowknife,75,CA,1536116400,75,62.45,-114.38,44.6,17.22
918,Brigantine,1,US,1536116160,84,39.41,-74.36,80.96,3.36
919,Vao,92,EE,1536119834,99,59.1,26.19,60.47,3.36
920,Nizhniy Kuranakh,44,RU,1536119834,73,58.84,125.49,46.16,6.38
921,Punta Arenas,75,CL,1536116400,74,-53.16,-70.91,37.4,27.51
922,Qaanaaq,80,GL,1536119591,100,77.48,-69.36,30.86,3.69
923,New Norfolk,75,AU,1536118200,54,-42.78,147.06,57.2,4.7
924,Lata,56,IN,1536119751,97,30.78,78.62,61.82,1.9
925,Meulaboh,44,ID,1536119733,100,4.14,96.13,80.99,0.67
926,Castro,64,CL,1536119564,97,-42.48,-73.76,40.76,3.02
927,Abnub,68,EG,1536119714,55,27.27,31.15,75.59,5.37
928,Rikitea,76,PF,1536119573,100,-23.12,-134.97,71.54,26.17
929,Tautira,20,PF,1536118200,69,-17.73,-149.15,78.8,14.99
930,Acari,0,BR,1536119836,79,-6.44,-36.64,68.3,11.52
931,Itupiranga,0,BR,1536116400,74,-5.13,-49.33,80.6,6.93
932,Cidreira,12,BR,1536119688,95,-30.17,-50.22,50.21,5.37
933,Emerald,0,AU,1536119836,39,-23.53,148.16,76.58,8.72
934,Hilo,75,US,1536118260,73,19.71,-155.08,82.04,4.7
935,Hoi An,20,VN,1536118200,49,15.88,108.33,93.2,4.7
936,Bozeman,1,US,1536118500,66,45.68,-111.04,60.08,8.05
937,Sao Joao da Barra,56,BR,1536119795,100,-21.64,-41.05,70.01,15.1
938,Albany,20,US,1536116040,78,42.65,-73.75,71.96,2.01
939,Xam Nua,24,LA,1536119837,81,20.42,104.04,74.96,2.46
940,Placido de Castro,12,BR,1536119838,44,-10.34,-67.19,68.93,4.7
941,Port Blair,68,IN,1536119618,100,11.67,92.75,77.66,16.78
942,Albany,20,US,1536116040,78,42.65,-73.75,71.96,2.01
943,Rikitea,76,PF,1536119573,100,-23.12,-134.97,71.54,26.17
944,Praya,75,ID,1536118200,65,-8.71,116.27,82.4,12.75
945,Atuona,0,PF,1536119577,98,-9.8,-139.03,80.18,15.21
946,Luderitz,24,NA,1536119779,94,-26.65,15.16,48.41,4.59
947,Tiksi,0,RU,1536119592,73,71.64,128.87,43.91,23.04
948,Bredasdorp,80,ZA,1536116400,81,-34.53,20.04,51.8,3.36
949,East London,0,ZA,1536116400,76,-33.02,27.91,53.6,10.29
950,Busselton,76,AU,1536119562,100,-33.64,115.35,57.23,19.57
951,Santa Cruz,1,US,1536118500,87,36.97,-122.03,69.8,8.05
952,Mataura,0,NZ,1536119563,87,-46.19,168.86,53.36,4.59
953,Cape Town,40,ZA,1536116400,87,-33.93,18.42,51.8,10.29
954,Vaini,76,IN,1536119612,99,15.34,74.49,70.55,6.04
955,Kamaishi,40,JP,1536116400,54,39.28,141.86,84.2,6.93
956,Komsomolskiy,92,RU,1536119732,99,67.55,63.78,52.28,5.03
957,Petropavlovsk-Kamchatskiy,40,RU,1536116400,67,53.05,158.65,62.6,11.18
958,Busselton,76,AU,1536119562,100,-33.64,115.35,57.23,19.57
959,Mehamn,40,NO,1536117600,87,71.03,27.85,46.4,3.36
960,Busselton,76,AU,1536119562,100,-33.64,115.35,57.23,19.57
961,Hilo,75,US,1536118260,73,19.71,-155.08,82.04,4.7
962,Kapaa,40,US,1536116160,84,22.08,-159.32,84.92,14.99
963,Ballina,36,IE,1536119659,100,54.11,-9.15,43.37,4.36
964,Te Anau,0,NZ,1536119749,69,-45.41,167.72,52.73,3.47
965,Ushuaia,90,AR,1536116400,87,-54.81,-68.31,39.2,38.03
966,New Norfolk,75,AU,1536118200,54,-42.78,147.06,57.2,4.7
967,Belyy Yar,0,RU,1536116400,71,53.6,91.39,53.6,4.36
968,Hobart,75,AU,1536118200,54,-42.88,147.33,57.2,4.7
969,Zvenyhorodka,32,UA,1536119843,76,49.08,30.97,59.66,3.36
970,Hobart,75,AU,1536118200,54,-42.88,147.33,57.2,4.7
971,Yellowknife,75,CA,1536116400,75,62.45,-114.38,44.6,17.22
972,Vestmannaeyjar,56,IS,1536119786,100,63.44,-20.27,46.34,3.58
973,Butaritari,32,KI,1536119595,100,3.07,172.79,84.59,6.6
974,Kapaa,40,US,1536116160,84,22.08,-159.32,84.92,14.99
975,Punta Arenas,75,CL,1536116400,74,-53.16,-70.91,37.4,27.51
976,Hermanus,100,ZA,1536119594,99,-34.42,19.24,48.77,4.92
977,Mataura,0,NZ,1536119563,87,-46.19,168.86,53.36,4.59
978,Mataura,0,NZ,1536119563,87,-46.19,168.86,53.36,4.59
979,Havre-Saint-Pierre,20,CA,1536116400,66,50.23,-63.6,55.4,8.05
980,Inhambane,0,MZ,1536119845,99,-23.87,35.38,73.16,14.09
981,Khairpur,0,PK,1536119845,54,27.53,68.76,82.25,7.38
982,Kidal,8,ML,1536119846,52,18.44,1.41,81.17,3.02
983,Talnakh,92,RU,1536119575,99,69.49,88.39,40.04,19.46
984,Kaitangata,0,NZ,1536119809,86,-46.28,169.85,50.57,5.48
985,Cape Town,40,ZA,1536116400,87,-33.93,18.42,51.8,10.29
986,Tasiilaq,92,GL,1536115800,96,65.61,-37.64,41.0,1.12
987,Vaini,76,IN,1536119612,99,15.34,74.49,70.55,6.04
988,Tuatapere,0,NZ,1536119590,100,-46.13,167.69,48.95,5.7
989,Atuona,0,PF,1536119577,98,-9.8,-139.03,80.18,15.21
990,Atagay,92,RU,1536119848,96,55.1,99.39,50.39,5.7
991,Hithadhoo,44,MV,1536119584,100,-0.6,73.08,78.47,5.93
992,Upernavik,0,GL,1536119587,100,72.79,-56.15,36.44,11.74
993,Oktyabrskoye,0,RU,1536119825,67,56.73,85.44,52.37,3.47
994,Hilo,75,US,1536118260,73,19.71,-155.08,82.04,4.7
995,Narsaq,92,GL,1536115800,50,60.91,-46.05,51.8,28.86
996,Rikitea,76,PF,1536119573,100,-23.12,-134.97,71.54,26.17
997,Hobart,75,AU,1536118200,54,-42.88,147.33,57.2,4.7
998,Bredasdorp,80,ZA,1536116400,81,-34.53,20.04,51.8,3.36
999,Marrakesh,0,MA,1536118200,72,31.63,-7.99,68.0,4.7
1000,Ushuaia,90,AR,1536116400,87,-54.81,-68.31,39.2,38.03
1001,Busselton,76,AU,1536119562,100,-33.64,115.35,57.23,19.57
1002,Xinyu,8,CN,1536119850,61,27.8,114.93,91.43,4.7
1003,Busselton,76,AU,1536119562,100,-33.64,115.35,57.23,19.57
1004,Zhigansk,0,RU,1536119851,60,66.77,123.37,46.7,15.1
1005,Nikolskoye,24,RU,1536116400,100,59.7,30.79,59.0,4.47
1006,Mataura,0,NZ,1536119563,87,-46.19,168.86,53.36,4.59
1007,Booue,92,GA,1536119851,93,-0.09,11.94,73.97,2.01
1008,East London,0,ZA,1536116400,76,-33.02,27.91,53.6,10.29
1009,Norman Wells,40,CA,1536116400,64,65.28,-126.83,39.2,3.36
1010,Caravelas,64,BR,1536119691,98,-17.73,-39.27,77.03,21.81
1011,Visby,0,SE,1536117600,100,57.64,18.3,59.0,5.82
1012,Kanigoro,100,ID,1536119852,92,-8.13,112.22,76.13,12.19
1013,Tecoanapa,75,MX,1536115800,78,16.99,-99.26,82.4,2.01
1014,Fortuna,20,ES,1536118200,88,38.18,-1.13,75.2,1.9
1015,Punta Arenas,75,CL,1536116400,74,-53.16,-70.91,37.4,27.51
1016,Kodiak,40,US,1536115980,96,39.95,-94.76,75.02,4.7
1017,Lavrentiya,48,RU,1536119597,84,65.58,-170.99,49.67,17.22
1018,Busselton,76,AU,1536119562,100,-33.64,115.35,57.23,19.57
1019,Lukovo,40,BG,1536118200,87,42.88,23.39,60.8,5.82
1020,East London,0,ZA,1536116400,76,-33.02,27.91,53.6,10.29
1021,Rikitea,76,PF,1536119573,100,-23.12,-134.97,71.54,26.17
1022,Albany,20,US,1536116040,78,42.65,-73.75,71.96,2.01
1023,Sao Filipe,80,CV,1536119604,99,14.9,-24.5,78.29,18.23
1024,Albany,20,US,1536116040,78,42.65,-73.75,71.96,2.01
1025,Ushuaia,90,AR,1536116400,87,-54.81,-68.31,39.2,38.03
1026,Ushuaia,90,AR,1536116400,87,-54.81,-68.31,39.2,38.03
1027,Hobart,75,AU,1536118200,54,-42.88,147.33,57.2,4.7
1028,Porto Walter,0,BR,1536119855,74,-8.27,-72.74,72.8,2.46
1029,Ushtobe,0,KZ,1536119855,41,45.25,77.98,56.87,4.36
1030,Rikitea,76,PF,1536119573,100,-23.12,-134.97,71.54,26.17
1031,Richards Bay,0,ZA,1536119855,93,-28.77,32.06,59.39,4.7
1032,Salalah,90,OM,1536115800,83,17.01,54.1,77.0,3.36
1033,Bluff,0,AU,1536119589,50,-23.58,149.07,75.59,9.51
1034,Busselton,76,AU,1536119562,100,-33.64,115.35,57.23,19.57
1035,Hilo,75,US,1536118260,73,19.71,-155.08,82.04,4.7
1036,Cerritos,90,US,1536117660,81,33.86,-118.05,71.96,6.93
1037,Tuktoyaktuk,40,CA,1536116400,100,69.44,-133.03,37.4,6.93
1038,San Patricio,0,PY,1536119760,86,-26.98,-56.83,49.94,3.58
1039,Umm Lajj,8,SA,1536119857,100,25.02,37.27,82.34,4.47
1040,Punta Arenas,75,CL,1536116400,74,-53.16,-70.91,37.4,27.51
1041,Sinegorye,68,RU,1536119857,54,62.09,150.53,56.51,2.68
1042,Hermanus,100,ZA,1536119594,99,-34.42,19.24,48.77,4.92
1043,Busselton,76,AU,1536119562,100,-33.64,115.35,57.23,19.57
1044,Albany,20,US,1536116040,78,42.65,-73.75,71.96,2.01
1045,Bluff,0,AU,1536119589,50,-23.58,149.07,75.59,9.51
1046,Anadyr,75,RU,1536116400,71,64.73,177.51,57.2,11.18
1047,Butaritari,32,KI,1536119595,100,3.07,172.79,84.59,6.6
1048,Nishihara,20,JP,1536116580,62,35.74,139.53,89.6,17.22
1049,Saint-Philippe,90,CA,1536117300,72,45.36,-73.48,71.6,3.36
1050,Bilma,0,NE,1536119823,40,18.69,12.92,72.35,3.69
1051,Slave Lake,1,CA,1536116400,87,55.28,-114.77,46.4,3.36
1052,Bubaque,92,GW,1536119607,100,11.28,-15.83,80.18,14.99
1053,Manokwari,24,ID,1536119859,100,-0.87,134.08,81.71,4.14
1054,Esik,20,KZ,1536116400,47,43.36,77.47,57.2,4.47
1055,Buchanan,75,LR,1536116400,94,5.88,-10.05,73.4,3.36
1056,Pahrump,1,US,1536116100,62,36.21,-115.98,89.96,4.7
1057,Punta Arenas,75,CL,1536116400,74,-53.16,-70.91,37.4,27.51
1058,Searcy,1,US,1536116160,81,35.25,-91.74,80.06,3.36
1059,Tevaitoa,48,PF,1536119860,100,-16.78,-151.5,77.39,19.57
1060,Busselton,76,AU,1536119562,100,-33.64,115.35,57.23,19.57
1061,Aykhal,92,RU,1536119703,98,65.95,111.51,39.86,13.09
1062,Punta Arenas,75,CL,1536116400,74,-53.16,-70.91,37.4,27.51
1063,Carnarvon,8,ZA,1536119687,62,-30.97,22.13,30.86,5.48
1064,Mataura,0,NZ,1536119563,87,-46.19,168.86,53.36,4.59
1065,Jamestown,12,AU,1536119578,38,-33.21,138.6,62.63,18.79
1066,Ushuaia,90,AR,1536116400,87,-54.81,-68.31,39.2,38.03
1067,Pevek,88,RU,1536119819,100,69.7,170.27,39.86,9.95
1068,Port Alfred,20,ZA,1536119594,93,-33.59,26.89,64.79,12.53
1069,Mataura,0,NZ,1536119563,87,-46.19,168.86,53.36,4.59
1070,Riyadh,0,SA,1536116400,13,24.63,46.72,89.6,5.82
1071,Tiksi,0,RU,1536119592,73,71.64,128.87,43.91,23.04
1072,Lazaro Cardenas,20,MX,1536115200,68,28.39,-105.62,71.6,4.7
1073,Angoche,0,MZ,1536119862,100,-16.23,39.91,76.31,4.03
1074,Victoria,75,BN,1536118200,94,5.28,115.24,82.4,2.24
1075,New Norfolk,75,AU,1536118200,54,-42.78,147.06,57.2,4.7
1076,Den Helder,75,NL,1536118380,93,52.96,4.76,66.2,6.93
1077,Muros,40,ES,1536118200,100,42.77,-9.06,60.8,9.17
1078,Rikitea,76,PF,1536119573,100,-23.12,-134.97,71.54,26.17
1079,Hobart,75,AU,1536118200,54,-42.88,147.33,57.2,4.7
1080,Locri,5,IT,1536116100,83,38.24,16.26,73.4,3.36
1081,Bembereke,76,BJ,1536119864,97,10.23,2.66,68.57,1.57
1082,Ushuaia,90,AR,1536116400,87,-54.81,-68.31,39.2,38.03
1083,Mackenzie,1,CA,1536116400,62,55.34,-123.09,53.6,5.82
1084,Albany,20,US,1536116040,78,42.65,-73.75,71.96,2.01
1085,Mayor Pablo Lagerenza,0,PY,1536119865,85,-19.93,-60.77,54.44,4.47
1086,Jamestown,12,AU,1536119578,38,-33.21,138.6,62.63,18.79
1087,Santa Rosa,20,AR,1536119866,34,-36.62,-64.29,65.6,16.22
1088,Ushuaia,90,AR,1536116400,87,-54.81,-68.31,39.2,38.03
1089,Hilo,75,US,1536118260,73,19.71,-155.08,82.04,4.7
1090,Cape Town,40,ZA,1536116400,87,-33.93,18.42,51.8,10.29
1091,Vaini,76,IN,1536119612,99,15.34,74.49,70.55,6.04
1092,Autun,0,FR,1536118200,93,46.95,4.3,57.2,1.12
1093,Byron Bay,90,AU,1536118200,68,-28.65,153.62,66.2,12.75
1094,Hobart,75,AU,1536118200,54,-42.88,147.33,57.2,4.7
1095,Port Alfred,20,ZA,1536119594,93,-33.59,26.89,64.79,12.53
1096,Fort Nelson,75,CA,1536116400,44,58.81,-122.69,59.0,4.7
1097,Atuona,0,PF,1536119577,98,-9.8,-139.03,80.18,15.21
1098,Griffith,20,AU,1536119868,67,-34.29,146.06,65.33,13.09
1099,Fortuna,20,ES,1536118200,88,38.18,-1.13,75.2,1.9
1100,Korablino,48,RU,1536119868,55,53.92,40.02,64.43,9.17
1101,Puerto Ayora,0,EC,1536119598,100,-0.74,-90.35,71.18,11.97
1102,Jamestown,12,AU,1536119578,38,-33.21,138.6,62.63,18.79
1103,Rikitea,76,PF,1536119573,100,-23.12,-134.97,71.54,26.17
1104,Nicolas Bravo,75,MX,1536117060,100,24.39,-104.74,60.8,8.05
1105,Marawi,36,PH,1536119869,81,8.0,124.29,77.12,4.47
1106,Ushuaia,90,AR,1536116400,87,-54.81,-68.31,39.2,38.03
1107,Chuy,0,UY,1536119602,92,-33.69,-53.46,44.27,3.13
1108,Vaini,76,IN,1536119612,99,15.34,74.49,70.55,6.04
1109,Tolaga Bay,36,NZ,1536119870,85,-38.37,178.3,53.18,3.47
1110,Rikitea,76,PF,1536119573,100,-23.12,-134.97,71.54,26.17
1111,Shingu,20,JP,1536116400,74,33.72,135.99,82.4,8.05
1112,Vaini,76,IN,1536119612,99,15.34,74.49,70.55,6.04
1113,Bolton,75,GB,1536117600,100,53.58,-2.43,53.6,3.36
1114,Dire,75,ET,1536116400,93,9.18,38.92,53.6,2.24
1115,Burnie,92,AU,1536119871,95,-41.05,145.91,54.17,14.2
1116,Arraial do Cabo,48,BR,1536119696,100,-22.97,-42.02,66.14,23.6
1117,Komsomolskiy,92,RU,1536119732,99,67.55,63.78,52.28,5.03
1118,Zhigalovo,68,RU,1536119872,73,54.81,105.15,50.21,5.59
1119,Mataura,0,NZ,1536119563,87,-46.19,168.86,53.36,4.59
1120,Punta Arenas,75,CL,1536116400,74,-53.16,-70.91,37.4,27.51
1121,Mangan,8,IN,1536119872,78,27.5,88.54,52.46,1.01
1122,Bud,12,NO,1536117600,87,62.91,6.91,53.6,5.82
1123,Ushuaia,90,AR,1536116400,87,-54.81,-68.31,39.2,38.03
1124,Bilibino,24,RU,1536119762,92,68.06,166.44,44.54,3.69
1125,Port Lincoln,92,AU,1536119592,75,-34.72,135.86,60.65,14.43
1126,Ushuaia,90,AR,1536116400,87,-54.81,-68.31,39.2,38.03
1127,Butaritari,32,KI,1536119595,100,3.07,172.79,84.59,6.6
1128,Hilo,75,US,1536118260,73,19.71,-155.08,82.04,4.7
1129,Hermanus,100,ZA,1536119594,99,-34.42,19.24,48.77,4.92
1130,Sterling,1,US,1536118080,100,39.0,-77.4,78.08,4.47
1131,Vaini,76,IN,1536119612,99,15.34,74.49,70.55,6.04
1132,Buala,56,SB,1536119874,88,-8.15,159.59,84.32,4.03
1133,Punta Arenas,75,CL,1536116400,74,-53.16,-70.91,37.4,27.51
1134,Saint-Philippe,90,CA,1536117300,72,45.36,-73.48,71.6,3.36
1135,Zyryanka,0,RU,1536119690,66,65.73,150.89,49.13,3.58
1136,Constitucion,75,MX,1536117060,100,23.99,-104.67,60.8,8.05
1137,Severo-Kurilsk,8,RU,1536119754,84,50.68,156.12,57.23,4.47
1138,Avarua,75,CK,1536116400,64,-21.21,-159.78,75.2,14.99
1139,Newry,40,GB,1536117600,100,54.18,-6.34,48.2,6.93
1140,Hambantota,0,LK,1536119875,89,6.12,81.12,82.79,12.75
1141,Malvern,75,GB,1536117600,82,52.12,-2.33,57.2,4.7
1142,Punta Arenas,75,CL,1536116400,74,-53.16,-70.91,37.4,27.51
1143,Tasiilaq,92,GL,1536115800,96,65.61,-37.64,41.0,1.12
1144,San Patricio,0,PY,1536119760,86,-26.98,-56.83,49.94,3.58
1145,Lebu,75,ET,1536116400,93,8.96,38.73,53.6,2.24
1146,Manta,48,RO,1536119876,94,45.1,24.1,55.97,2.13
1147,Gizo,20,IL,1536119400,83,31.8,34.94,77.0,3.36
1148,Porto Walter,0,BR,1536119855,74,-8.27,-72.74,72.8,2.46
1149,Butaritari,32,KI,1536119595,100,3.07,172.79,84.59,6.6
1150,Jamestown,12,AU,1536119578,38,-33.21,138.6,62.63,18.79
1151,Mataura,0,NZ,1536119563,87,-46.19,168.86,53.36,4.59
1152,Pevek,88,RU,1536119819,100,69.7,170.27,39.86,9.95
1153,Sheopur,92,IN,1536119877,97,25.67,76.7,75.86,7.94
1154,Saint-Philippe,90,CA,1536117300,72,45.36,-73.48,71.6,3.36
1155,Rikitea,76,PF,1536119573,100,-23.12,-134.97,71.54,26.17
1156,Castro,64,CL,1536119564,97,-42.48,-73.76,40.76,3.02
1157,Rikitea,76,PF,1536119573,100,-23.12,-134.97,71.54,26.17
1158,Carnarvon,8,ZA,1536119687,62,-30.97,22.13,30.86,5.48
1159,Ossora,92,RU,1536119878,100,59.24,163.07,53.27,5.7
1160,Te Anau,0,NZ,1536119749,69,-45.41,167.72,52.73,3.47
1161,Vaini,76,IN,1536119612,99,15.34,74.49,70.55,6.04
1162,Puerto Ayora,0,EC,1536119598,100,-0.74,-90.35,71.18,11.97
1163,Port Alfred,20,ZA,1536119594,93,-33.59,26.89,64.79,12.53
1164,Norman Wells,40,CA,1536116400,64,65.28,-126.83,39.2,3.36
1165,Dikson,48,RU,1536119605,100,73.51,80.55,39.41,27.74
1166,Vestmanna,88,FO,1536117600,100,62.16,-7.17,50.0,8.05
1167,Chokurdakh,0,RU,1536119581,69,70.62,147.9,44.99,16.11
1168,Rikitea,76,PF,1536119573,100,-23.12,-134.97,71.54,26.17
1169,Kodiak,40,US,1536115980,96,39.95,-94.76,75.02,4.7
1170,Mataura,0,NZ,1536119563,87,-46.19,168.86,53.36,4.59
1171,Chernyshevskiy,80,RU,1536119880,72,63.01,112.47,47.87,11.63
1172,Wanning,75,AT,1536117600,93,48.64,13.53,60.8,4.7
1173,Rikitea,76,PF,1536119573,100,-23.12,-134.97,71.54,26.17
1174,Port Elizabeth,1,US,1536116160,90,39.31,-74.98,82.94,4.36
1175,Arraial do Cabo,48,BR,1536119696,100,-22.97,-42.02,66.14,23.6
1176,Victoria,75,BN,1536118200,94,5.28,115.24,82.4,2.24
1177,Mar del Plata,80,AR,1536119357,73,-46.43,-67.52,43.46,6.93
1178,Porto-Vecchio,0,FR,1536118200,88,41.59,9.28,64.4,5.82
1179,Najran,0,SA,1536116400,22,17.54,44.22,75.2,3.13
1180,Codrington,92,AU,1536119579,100,-28.95,153.24,58.04,4.59
1181,Padang,0,ID,1536119583,100,-0.92,100.36,81.53,9.73
1182,Montepuez,20,MZ,1536119776,94,-13.13,39.0,61.73,0.67
1183,Busselton,76,AU,1536119562,100,-33.64,115.35,57.23,19.57
1184,Busselton,76,AU,1536119562,100,-33.64,115.35,57.23,19.57
1185,Ushuaia,90,AR,1536116400,87,-54.81,-68.31,39.2,38.03
1186,Banjar,12,ID,1536119882,56,-7.37,108.54,81.44,3.91
1187,Terme,40,TR,1536115800,88,41.21,36.97,68.0,4.7
1188,Nome,1,US,1536119580,81,30.04,-94.42,80.06,4.7
1189,Arraial do Cabo,48,BR,1536119696,100,-22.97,-42.02,66.14,23.6
1190,Copacabana,40,CO,1536116400,100,6.35,-75.51,59.0,3.36
1191,Bluff,0,AU,1536119589,50,-23.58,149.07,75.59,9.51
1192,Rikitea,76,PF,1536119573,100,-23.12,-134.97,71.54,26.17
1193,Avarua,75,CK,1536116400,64,-21.21,-159.78,75.2,14.99
1194,Petit Goave,56,HT,1536119883,100,18.43,-72.87,78.47,3.58
1195,Khatanga,92,RU,1536119694,98,71.98,102.47,41.21,26.73
1196,Tomatlan,12,MX,1536119883,95,19.93,-105.25,74.69,2.57
1197,Taltal,0,CL,1536119884,93,-25.41,-70.49,49.85,2.01
1198,Saint George,20,GR,1536117600,52,39.45,22.34,69.8,2.24
1199,Punta Arenas,75,CL,1536116400,74,-53.16,-70.91,37.4,27.51
1200,Lata,56,IN,1536119751,97,30.78,78.62,61.82,1.9
1201,Hobart,75,AU,1536118200,54,-42.88,147.33,57.2,4.7
1202,Zaozerne,8,UA,1536119884,96,51.37,23.94,59.21,11.18
1203,Xinzhou,12,CN,1536119885,38,38.41,112.73,73.43,2.57
1204,Victoria,75,BN,1536118200,94,5.28,115.24,82.4,2.24
1205,Beloha,0,MG,1536119885,62,-25.17,45.06,64.16,8.39
1206,Punta Arenas,75,CL,1536116400,74,-53.16,-70.91,37.4,27.51
1207,Thompson,90,CA,1536116400,93,55.74,-97.86,41.0,14.99
1208,Ushuaia,90,AR,1536116400,87,-54.81,-68.31,39.2,38.03
1209,Mataura,0,NZ,1536119563,87,-46.19,168.86,53.36,4.59
1210,Mumford,88,GH,1536119885,95,5.26,-0.76,74.24,7.05
1211,Bredasdorp,80,ZA,1536116400,81,-34.53,20.04,51.8,3.36
1212,Khatanga,92,RU,1536119694,98,71.98,102.47,41.21,26.73
1213,Deputatskiy,0,RU,1536119693,57,69.3,139.9,39.95,11.41
1214,Hermanus,100,ZA,1536119594,99,-34.42,19.24,48.77,4.92
1215,Hobart,75,AU,1536118200,54,-42.88,147.33,57.2,4.7
1216,Linxia,92,CN,1536119886,99,35.6,103.21,51.29,2.01
1217,Sakaiminato,20,JP,1536116400,45,35.55,133.23,84.2,23.04
1218,Tuktoyaktuk,40,CA,1536116400,100,69.44,-133.03,37.4,6.93
1219,Novo Cruzeiro,8,BR,1536119887,67,-17.47,-41.88,64.16,4.14
1220,Mataura,0,NZ,1536119563,87,-46.19,168.86,53.36,4.59
1221,Bereda,40,ES,1536118200,88,43.27,-7.54,64.4,6.93
1222,Rikitea,76,PF,1536119573,100,-23.12,-134.97,71.54,26.17
1223,Hithadhoo,44,MV,1536119584,100,-0.6,73.08,78.47,5.93
1224,Yellowknife,75,CA,1536116400,75,62.45,-114.38,44.6,17.22
1225,Kununurra,0,AU,1536118200,25,-15.77,128.74,96.8,5.82
1226,Bredasdorp,80,ZA,1536116400,81,-34.53,20.04,51.8,3.36
1227,Lata,56,IN,1536119751,97,30.78,78.62,61.82,1.9
1228,Vaini,76,IN,1536119612,99,15.34,74.49,70.55,6.04
1229,Hobart,75,AU,1536118200,54,-42.88,147.33,57.2,4.7
1230,Hobart,75,AU,1536118200,54,-42.88,147.33,57.2,4.7
1231,Goderich,0,CA,1536119785,90,43.74,-81.71,73.97,8.5
1232,Barrow,8,AR,1536119400,54,-38.31,-60.23,58.67,14.99
1233,Yellowknife,75,CA,1536116400,75,62.45,-114.38,44.6,17.22
1234,Mataura,0,NZ,1536119563,87,-46.19,168.86,53.36,4.59
1235,Alofi,40,NU,1536116400,69,-19.06,-169.92,78.8,14.99
1236,Punta Arenas,75,CL,1536116400,74,-53.16,-70.91,37.4,27.51
1237,Butaritari,32,KI,1536119595,100,3.07,172.79,84.59,6.6
1238,Concordia,0,AR,1536119889,88,-31.4,-58.02,51.83,9.62
1239,Sitka,68,US,1536119763,85,37.17,-99.65,73.43,14.2
1240,Conde,0,BR,1536119890,95,-11.81,-37.61,73.16,10.74
1241,Sorland,20,NO,1536117600,87,67.67,12.69,42.8,9.73
1242,Nikolskoye,24,RU,1536116400,100,59.7,30.79,59.0,4.47
1243,Tuatapere,0,NZ,1536119590,100,-46.13,167.69,48.95,5.7
1244,Hilo,75,US,1536118260,73,19.71,-155.08,82.04,4.7
1245,Ulladulla,75,AU,1536116400,55,-35.36,150.48,62.6,11.41
1246,Jamestown,12,AU,1536119578,38,-33.21,138.6,62.63,18.79
1247,Nemuro,75,JP,1536116400,88,43.32,145.57,73.4,10.29
1248,Port Lincoln,92,AU,1536119592,75,-34.72,135.86,60.65,14.43
1249,Dolores,0,AR,1536119891,60,-36.31,-57.68,52.73,10.74
1250,Zenzeli,88,RU,1536119892,57,45.92,47.05,67.94,14.43
1251,Atuona,0,PF,1536119577,98,-9.8,-139.03,80.18,15.21
1252,Punta Arenas,75,CL,1536116400,74,-53.16,-70.91,37.4,27.51
1253,Mount Isa,0,AU,1536118200,8,-20.73,139.49,80.6,5.82
1254,Butaritari,32,KI,1536119595,100,3.07,172.79,84.59,6.6
1255,Luderitz,24,NA,1536119779,94,-26.65,15.16,48.41,4.59
1256,Grand Gaube,40,MU,1536116400,78,-20.01,57.66,71.6,18.34
1257,Aswan,44,EG,1536119893,47,24.09,32.9,82.97,3.13
1258,Faanui,68,PF,1536119607,100,-16.48,-151.75,78.2,16.22
1259,Saskylakh,32,RU,1536119599,92,71.97,114.09,46.43,13.2
1260,Mae Sai,40,MM,1536116400,83,20.44,99.89,80.6,2.24
1261,Yashkul,24,RU,1536119893,55,46.17,45.34,64.79,13.42
1262,Upernavik,0,GL,1536119587,100,72.79,-56.15,36.44,11.74
1263,Rikitea,76,PF,1536119573,100,-23.12,-134.97,71.54,26.17
1264,Kargopol,80,RU,1536119894,89,61.51,38.95,50.03,3.13
1265,Souillac,0,FR,1536118200,82,45.6,-0.6,64.4,4.7
1266,Cayenne,0,GF,1536118200,100,4.94,-52.33,77.0,8.39
1267,Kaitangata,0,NZ,1536119809,86,-46.28,169.85,50.57,5.48
1268,Albany,20,US,1536116040,78,42.65,-73.75,71.96,2.01
1269,Ponta do Sol,0,BR,1536119712,88,-20.63,-46.0,53.09,4.14
1270,Bathsheba,20,BB,1536116400,78,13.22,-59.52,80.6,11.41
1271,Hasaki,40,JP,1536117300,66,35.73,140.83,87.8,16.11
1272,Vondrozo,0,MG,1536119895,86,-22.82,47.32,53.72,2.68
1273,East London,0,ZA,1536116400,76,-33.02,27.91,53.6,10.29
1274,Khatanga,92,RU,1536119694,98,71.98,102.47,41.21,26.73
1275,Rikitea,76,PF,1536119573,100,-23.12,-134.97,71.54,26.17
1276,Yellowknife,75,CA,1536116400,75,62.45,-114.38,44.6,17.22
1277,Atuona,0,PF,1536119577,98,-9.8,-139.03,80.18,15.21
1278,Esfarayen,0,IR,1536116400,40,37.08,57.51,51.8,4.7
1279,Punta Arenas,75,CL,1536116400,74,-53.16,-70.91,37.4,27.51
1280,Busselton,76,AU,1536119562,100,-33.64,115.35,57.23,19.57
1281,Sitka,68,US,1536119763,85,37.17,-99.65,73.43,14.2
1282,Hami,0,CN,1536119697,40,42.84,93.51,66.77,2.91
1283,Nantucket,75,US,1536118500,100,41.28,-70.1,71.06,3.36
1284,Coruripe,0,BR,1536119897,100,-10.12,-36.18,75.59,14.09
1285,Busselton,76,AU,1536119562,100,-33.64,115.35,57.23,19.57
1286,Ushuaia,90,AR,1536116400,87,-54.81,-68.31,39.2,38.03
1287,Touros,76,BR,1536119798,86,-5.2,-35.46,76.13,11.41
1288,Gallup,40,US,1536115980,52,35.53,-108.74,64.94,6.93
1289,Iralaya,88,HN,1536119898,95,15.0,-83.23,80.27,8.5
1290,Rikitea,76,PF,1536119573,100,-23.12,-134.97,71.54,26.17
1291,Tateyama,40,JP,1536116400,40,36.66,137.31,87.8,9.17
1292,Natalio,0,PY,1536119898,90,-26.76,-55.14,50.66,3.58
1293,Atuona,0,PF,1536119577,98,-9.8,-139.03,80.18,15.21
1294,Rikitea,76,PF,1536119573,100,-23.12,-134.97,71.54,26.17
1295,Caravelas,64,BR,1536119691,98,-17.73,-39.27,77.03,21.81
1296,Ahipara,92,NZ,1536119690,88,-35.17,173.16,56.06,14.99
1297,Kieta,8,PG,1536119816,100,-6.22,155.63,79.1,2.35
1298,Rikitea,76,PF,1536119573,100,-23.12,-134.97,71.54,26.17
1299,Ushuaia,90,AR,1536116400,87,-54.81,-68.31,39.2,38.03
1300,Hilo,75,US,1536118260,73,19.71,-155.08,82.04,4.7
1301,Punta Arenas,75,CL,1536116400,74,-53.16,-70.91,37.4,27.51
1302,Ushuaia,90,AR,1536116400,87,-54.81,-68.31,39.2,38.03
1303,Punta Arenas,75,CL,1536116400,74,-53.16,-70.91,37.4,27.51
1304,Ghanzi,0,BW,1536119900,36,-21.7,21.65,55.79,6.93
1305,Abaete,0,BR,1536119900,62,-19.16,-45.45,59.84,10.74
1306,Castro,64,CL,1536119564,97,-42.48,-73.76,40.76,3.02
1307,East London,0,ZA,1536116400,76,-33.02,27.91,53.6,10.29
1308,Busselton,76,AU,1536119562,100,-33.64,115.35,57.23,19.57
1309,Alekseyevsk,0,RU,1536119900,54,57.84,108.35,53.27,4.59
1310,Rikitea,76,PF,1536119573,100,-23.12,-134.97,71.54,26.17
1311,Santiago del Estero,0,AR,1536119616,42,-27.8,-64.26,65.87,14.65
1312,Atuona,0,PF,1536119577,98,-9.8,-139.03,80.18,15.21
1313,Hobart,75,AU,1536118200,54,-42.88,147.33,57.2,4.7
1314,Yumen,0,CN,1536119901,33,40.29,97.04,60.29,10.51
1315,Victoria,75,BN,1536118200,94,5.28,115.24,82.4,2.24
1316,Komsomolskiy,92,RU,1536119732,99,67.55,63.78,52.28,5.03
1317,Macklin,0,CA,1536119902,74,52.34,-109.94,44.9,2.91
1318,Rikitea,76,PF,1536119573,100,-23.12,-134.97,71.54,26.17
1319,Bilma,0,NE,1536119823,40,18.69,12.92,72.35,3.69
1320,Kodiak,40,US,1536115980,96,39.95,-94.76,75.02,4.7
1321,Hermanus,100,ZA,1536119594,99,-34.42,19.24,48.77,4.92
1322,Punta Arenas,75,CL,1536116400,74,-53.16,-70.91,37.4,27.51
1323,Mataura,0,NZ,1536119563,87,-46.19,168.86,53.36,4.59
1324,New Norfolk,75,AU,1536118200,54,-42.78,147.06,57.2,4.7
1325,Goundam,0,ML,1536119902,72,16.42,-3.66,80.54,3.91
1326,Narsaq,92,GL,1536115800,50,60.91,-46.05,51.8,28.86
1327,Wellington,92,NZ,1536118200,81,-41.29,174.78,50.0,27.51
1328,Ushuaia,90,AR,1536116400,87,-54.81,-68.31,39.2,38.03
1329,Hambantota,0,LK,1536119875,89,6.12,81.12,82.79,12.75
1330,Cape Town,40,ZA,1536116400,87,-33.93,18.42,51.8,10.29
1331,Victoria,75,BN,1536118200,94,5.28,115.24,82.4,2.24
1332,Mataura,0,NZ,1536119563,87,-46.19,168.86,53.36,4.59
1333,Fountain,1,US,1536118500,50,38.68,-104.7,71.96,8.05
1334,Kapaa,40,US,1536116160,84,22.08,-159.32,84.92,14.99
1335,Copenhagen,5,DK,1536117600,93,55.69,12.57,57.2,1.12
1336,Atuona,0,PF,1536119577,98,-9.8,-139.03,80.18,15.21
1337,Cumana,12,VE,1536119905,93,10.46,-64.17,68.03,1.9
1338,Georgetown,20,GY,1536116400,100,6.8,-58.16,75.2,3.58
1339,Albany,20,US,1536116040,78,42.65,-73.75,71.96,2.01
1340,Hithadhoo,44,MV,1536119584,100,-0.6,73.08,78.47,5.93
1341,Mataura,0,NZ,1536119563,87,-46.19,168.86,53.36,4.59
1342,Kavaratti,12,IN,1536119905,99,10.57,72.64,81.53,12.53
1343,Sao Filipe,80,CV,1536119604,99,14.9,-24.5,78.29,18.23
1344,Bumba,64,CD,1536119906,94,2.18,22.47,73.07,3.47
1345,Hermanus,100,ZA,1536119594,99,-34.42,19.24,48.77,4.92
1346,Carnarvon,8,ZA,1536119687,62,-30.97,22.13,30.86,5.48
1347,Barrow,8,AR,1536119400,54,-38.31,-60.23,58.67,14.99
1348,Saint-Philippe,90,CA,1536117300,72,45.36,-73.48,71.6,3.36
1349,Thoen,92,TH,1536119906,100,17.61,99.22,72.89,2.35
1350,Rikitea,76,PF,1536119573,100,-23.12,-134.97,71.54,26.17
1351,Bosaso,44,SO,1536119902,88,11.28,49.18,86.75,3.02
1352,Vardo,1,US,1536117300,69,39.62,-77.74,82.04,2.68
1353,Nacala,8,MZ,1536119907,100,-14.56,40.69,72.98,3.36
